EVENT_DATE,CLOSE_PRICE_USD,MARKET_CAP_USD,VOLUME_USD
28-04-2013,141.96,1500517590,0
29-04-2013,135.3,1575032004,0
30-04-2013,117,1501657493,0
01-05-2013,103.43,1298951550,0
02-05-2013,91.01,1148667722,0
03-05-2013,111.25,1011066494,0
04-05-2013,116.79,1236351844,0
05-05-2013,118.33,1298377788,0
06-05-2013,106.4,1315992304,0
07-05-2013,112.64,1183766500,0
08-05-2013,113,1253655040,0
09-05-2013,118.78,1258130700,0
10-05-2013,113.01,1322989457,0
11-05-2013,114.713,1259239352,0
12-05-2013,117.18,1278708679,0
13-05-2013,114.5,1306721052,0
14-05-2013,114.156,1277278988,0
15-05-2013,115.5,1273849681,0
16-05-2013,123.1,1289277412,0
17-05-2013,123.88,1374605382,0
18-05-2013,120.501,1383755085,0
19-05-2013,122.58,1346499262,0
20-05-2013,122.9,1370131821,0
21-05-2013,123,1374154118,0
22-05-2013,125.748,1375791900,0
23-05-2013,131.7,1407041528,0
24-05-2013,130.77,1474180657,0
25-05-2013,134.6,1464316690,0
26-05-2013,128.985,1507769010,0
27-05-2013,129.179,1445444606,0
28-05-2013,132.13,1448115967,0
29-05-2013,127.401,1481781795,0
30-05-2013,127.98,1429308634,0
31-05-2013,129.09,1436386730,0
01-06-2013,121.3,1449499974,0
02-06-2013,121.16,1362684200,0
03-06-2013,121.42,1361765704,0
04-06-2013,121.309,1365337524,0
05-06-2013,121.714,1364113640,0
06-06-2013,119,1369233814,0
07-06-2013,110.09,1339234925,0
08-06-2013,108.401,1239395972,0
09-06-2013,99.7497,1220874393,0
10-06-2013,105.99,1123844958,0
11-06-2013,108.9,1194605341,0
12-06-2013,108.4,1227904672,0
13-06-2013,102.769,1222819750,0
14-06-2013,98.399,1159766150,0
15-06-2013,99.99,1110902570,0
16-06-2013,100.42,1129287060,0
17-06-2013,102,1134610433,0
18-06-2013,106.55,1152834600,0
19-06-2013,107.9,1204638318,0
20-06-2013,110.91,1220273470,0
21-06-2013,109.015,1254733148,0
22-06-2013,107.25,1233750009,0
23-06-2013,108,1214260369,0
24-06-2013,102.443,1223181000,0
25-06-2013,103.691,1160635652,0
26-06-2013,103.39,1175194910,0
27-06-2013,99.66,1172207388,0
28-06-2013,93.3311,1130338737,0
29-06-2013,95.3886,1058953327,0
30-06-2013,97.504,1082693996,0
01-07-2013,89.489,1107084792,0
02-07-2013,90.797,1016445146,0
03-07-2013,78.8,1031653673,0
04-07-2013,78.48,895707780,0
05-07-2013,67.809,892405890,0
06-07-2013,68.0831,771368060,0
07-07-2013,77.502,774804401,0
08-07-2013,76.3915,882356395,0
09-07-2013,77,870081997,0
10-07-2013,85.75,877378425,0
11-07-2013,93.804,977479256,0
12-07-2013,88.0622,1069724400,0
13-07-2013,95.58,1004551934,0
14-07-2013,94,1090715949,0
15-07-2013,97.301,1073073450,0
16-07-2013,98.9796,1111179853,0
17-07-2013,97.8,1130735527,0
18-07-2013,88.7869,1117707300,0
19-07-2013,91.572,1015062893,0
20-07-2013,89.28,1047311253,0
21-07-2013,90.3672,1021492656,0
22-07-2013,91.7024,1034399451,0
23-07-2013,94.5806,1050054379,0
24-07-2013,94.525,1083333286,0
25-07-2013,96.9499,1083076902,0
26-07-2013,94.13,1111232483,0
27-07-2013,94.005,1079278107,0
28-07-2013,98.5759,1078286703,0
29-07-2013,101.5,1131111629,0
30-07-2013,110.34,1165105812,0
31-07-2013,106.23,1267183179,0
01-08-2013,101.61,1220481782,0
02-08-2013,103.7,1167849454,0
03-08-2013,104.86,1192378895,0
04-08-2013,106.56,1206152150,0
05-08-2013,105.841,1226188584,0
06-08-2013,106.75,1218425716,0
07-08-2013,101.672,1229098150,0
08-08-2013,103.4,1171586790,0
09-08-2013,102.71,1192028805,0
10-08-2013,103.77,1184605785,0
11-08-2013,105.18,1197378682,0
12-08-2013,106.068,1214268916,0
13-08-2013,111.621,1225008501,0
14-08-2013,111.87,1289602061,0
15-08-2013,109.867,1292943118,0
16-08-2013,112.74,1270257534,0
17-08-2013,114.4,1304015666,0
18-08-2013,118.782,1323762440,0
19-08-2013,120.5,1375023402,0
20-08-2013,121.51,1395441212,0
21-08-2013,122.499,1407757143,0
22-08-2013,120,1419858347,0
23-08-2013,120.44,1391517000,0
24-08-2013,122,1397179275,0
25-08-2013,122.04,1415749000,0
26-08-2013,125.67,1416676932,0
27-08-2013,123.02,1459371151,0
28-08-2013,123.44,1429111038,0
29-08-2013,129.2,1434594992,0
30-08-2013,137.76,1502172870,0
31-08-2013,138.17,1602407100,0
01-09-2013,137.17,1607960283,0
02-09-2013,137.51,1597132036,0
03-09-2013,135.21,1601702729,0
04-09-2013,129.96,1575534525,0
05-09-2013,126.13,1514888487,0
06-09-2013,123.73,1470861842,0
07-09-2013,121.77,1443353756,0
08-09-2013,126.4,1420952396,0
09-09-2013,127.78,1475596760,0
10-09-2013,131.65,1492304286,0
11-09-2013,134.22,1538132775,0
12-09-2013,135.05,1568874092,0
13-09-2013,131.39,1579271324,0
14-09-2013,129.95,1537187451,0
15-09-2013,131.48,1520967287,0
16-09-2013,131.31,1539430293,0
17-09-2013,132.06,1538014334,0
18-09-2013,130.23,1547280990,0
19-09-2013,128.57,1526484433,0
20-09-2013,126.78,1507618248,0
21-09-2013,128.37,1487211807,0
22-09-2013,126.73,1506534274,0
23-09-2013,126.09,1487984454,0
24-09-2013,127.99,1481135098,0
25-09-2013,128.02,1504122481,0
26-09-2013,131.84,1505025524,0
27-09-2013,133.93,1550524096,0
28-09-2013,140.28,1575663012,0
29-09-2013,131.65,1650965841,0
30-09-2013,132.55,1549941780,0
01-10-2013,132.04,1561200410,0
02-10-2013,123.07,1555751397,0
03-10-2013,128.26,1450746083,0
04-10-2013,129.57,1512486811,0
05-10-2013,127.56,1528611793,0
06-10-2013,128.38,1505549223,0
07-10-2013,125.72,1515724889,0
08-10-2013,130.9,1484816060,0
09-10-2013,129.68,1546580228,0
10-10-2013,130.27,1532820842,0
11-10-2013,135.35,1540367845,0
12-10-2013,135.48,1601082220,0
13-10-2013,140.48,1603402413,0
14-10-2013,143.89,1663458800,0
15-10-2013,143.61,1704751164,0
16-10-2013,146.15,1702245233,0
17-10-2013,151.34,1732995548,0
18-10-2013,170.51,1795176162,0
19-10-2013,172.01,2023531688,0
20-10-2013,181.41,2042261829,0
21-10-2013,193.45,2154778910,0
22-10-2013,206.78,2298993654,0
23-10-2013,198.8,2458505640,0
24-10-2013,172.48,2364666360,0
25-10-2013,178.96,2052637048,0
26-10-2013,189.83,2130644072,0
27-10-2013,198.55,2260913266,0
28-10-2013,204.39,2365643830,0
29-10-2013,204.2,2436022215,0
30-10-2013,203.88,2434768490,0
31-10-2013,205.26,2432069229,0
01-11-2013,206.89,2449516394,0
02-11-2013,212.45,2470106260,0
03-11-2013,226.28,2537555912,0
04-11-2013,230.63,2703825377,0
05-11-2013,260.85,2756789579,0
06-11-2013,295.63,3119094311,0
07-11-2013,332.02,3536067384,0
08-11-2013,358,3972444990,0
09-11-2013,313,4284552950,0
10-11-2013,340.55,3747322075,0
11-11-2013,355.48,4078792891,0
12-11-2013,404.17,4259334699,0
13-11-2013,408.84,4844512975,0
14-11-2013,424.16,4902328893,0
15-11-2013,437.41,5087746180,0
16-11-2013,488.36,5248843453,0
17-11-2013,580.87,5862542038,0
18-11-2013,614.4,6975450004,0
19-11-2013,565.34,7380464640,0
20-11-2013,675.06,6793450510,0
21-11-2013,731.15,8114440594,0
22-11-2013,819.31,8790506777,0
23-11-2013,764.43,9853534129,0
24-11-2013,793.07,9196532447,0
25-11-2013,832.93,9544775891,0
26-11-2013,914.13,10028164851,0
27-11-2013,979.08,11009416068,0
28-11-2013,1101.83,11795833455,0
29-11-2013,1127.45,13280659993,0
30-11-2013,1033.39,13593664650,0
01-12-2013,974.03,12464724345,0
02-12-2013,1078.64,11753157346,0
03-12-2013,1121.48,13020236474,0
04-12-2013,989.04,13542487814,0
05-12-2013,1019.66,11947405392,0
06-12-2013,811.98,12322234219,0
07-12-2013,743.11,9816777302,0
08-12-2013,897.89,8987358118,0
09-12-2013,927.78,10863885372,0
10-12-2013,887.08,11230173843,0
11-12-2013,878.17,10741252534,0
12-12-2013,897.27,10636987805,0
13-12-2013,866.99,10872198158,0
14-12-2013,854.62,10509219285,0
15-12-2013,789.15,10363485334,0
16-12-2013,691.65,9573257565,0
17-12-2013,559.36,8393847109,0
18-12-2013,677.84,6791343584,0
19-12-2013,694.25,8233502182,0
20-12-2013,596.12,8436421862,0
21-12-2013,650.27,7246404914,0
22-12-2013,645.75,7907201916,0
23-12-2013,659.94,7854951431,0
24-12-2013,668.74,8030446893,0
25-12-2013,734.59,8140337961,0
26-12-2013,734.27,8944973877,0
27-12-2013,738.81,8944473292,62881800
28-12-2013,726.47,9002769255,28121600
29-12-2013,760.52,8855251580,27018300
30-12-2013,755.16,9270681761,24717100
31-12-2013,767.74,9205343763,21903500
01-01-2014,772.53,9358693020,23448600
02-01-2014,825.47,9417082760,16837800
03-01-2014,849.14,10062417390,54171500
04-01-2014,919.41,10350952914,36344700
05-01-2014,936.38,11207538944,62414600
06-01-2014,826.5,11414401972,88584600
07-01-2014,838.32,10107681750,80268100
08-01-2014,853.29,10256342208,78060300
09-01-2014,863.3,10443906952,58813600
10-01-2014,905.72,10570439442,29763600
11-01-2014,867.45,11094594497,48299500
12-01-2014,840.96,10630187711,40171100
13-01-2014,838.05,10309307616,42950500
14-01-2014,860.44,10276902394,23469400
15-01-2014,837.98,10555404678,28600400
16-01-2014,812.9,10283900055,18719700
17-01-2014,840,9979241690,39266000
18-01-2014,838.17,10315662000,18052700
19-01-2014,869.15,10293335273,17574100
20-01-2014,869.57,10677333920,25421600
21-01-2014,865.03,10686776168,26779700
22-01-2014,846.97,10635024832,17879900
23-01-2014,808.32,10417265166,18412100
24-01-2014,804.39,9945387408,20176000
25-01-2014,853.51,9900713656,31742800
26-01-2014,891.86,10508799200,22676800
27-01-2014,777,10984370725,32539200
28-01-2014,816.85,9573533550,61878700
29-01-2014,817.17,10067676250,33409200
30-01-2014,817.93,10074827642,16261700
31-01-2014,832.52,10087796517,31107400
01-02-2014,836.41,10271715012,14722200
02-02-2014,813.38,10323662258,19347600
03-02-2014,832.36,10043290888,12759200
04-02-2014,830.92,10281144248,14823400
05-02-2014,805.08,10267242207,15706200
06-02-2014,721.32,9951171213,47441900
07-02-2014,701.61,8918941470,65733100
08-02-2014,672.07,8678266711,86940400
09-02-2014,689.65,8315656524,34864400
10-02-2014,697.76,8535556672,38527400
11-02-2014,655.26,8638931672,121884000
12-02-2014,651.91,8115968452,65970400
13-02-2014,623.57,8077474557,19109100
14-02-2014,644.1,7729134561,90917600
15-02-2014,613.85,7986582360,57350800
16-02-2014,645.14,7614456286,24104900
17-02-2014,625.01,8005429360,48516100
18-02-2014,620.99,7758139753,22066400
19-02-2014,593.89,7711283048,13276100
20-02-2014,582.75,7377405511,35743400
21-02-2014,571.06,7241455462,56059000
22-02-2014,622.97,7098404288,21675800
23-02-2014,572.39,7746491782,44590700
24-02-2014,489.31,7120130927,47229500
25-02-2014,567.25,6088839080,111102000
26-02-2014,586.28,7061198906,75039300
27-02-2014,567.2,7300959497,38219000
28-02-2014,560.11,7065922360,24649000
01-03-2014,561.35,6979712746,22903800
02-03-2014,585.79,6997269851,11143900
03-03-2014,675,7304054418,33049800
04-03-2014,658.24,8418886875,86124600
05-03-2014,654.55,8212712376,26946700
06-03-2014,617.62,8169324004,16659800
07-03-2014,610.37,7711032022,29823000
08-03-2014,636.17,7623170337,21353000
09-03-2014,621.17,7947989895,15489000
10-03-2014,624.23,7763134192,16425700
11-03-2014,638.07,7803983008,12542300
12-03-2014,639.03,7979719372,20806300
13-03-2014,629.67,7994472985,12866600
14-03-2014,638.07,7879611671,11939800
15-03-2014,629.55,7987471922,5963930
16-03-2014,623.705,7883319532,4834240
17-03-2014,612.622,7812934238,13371500
18-03-2014,610.636,7676276184,23217800
19-03-2014,592.07,7653772688,15227500
20-03-2014,582.303,7423640092,20048500
21-03-2014,561.22,7303695511,38053400
22-03-2014,567.779,7041711523,17983700
23-03-2014,571.418,7127031703,10283000
24-03-2014,582.55,7175538679,17185800
25-03-2014,584.442,7317439677,18634700
26-03-2014,567.64,7343002343,17583200
27-03-2014,503.661,7133333206,22316700
28-03-2014,502.302,6331497248,79571600
29-03-2014,469.938,6317113200,26810900
30-03-2014,457.399,5912148997,17867800
31-03-2014,478.7163,5756309240,56838500
01-04-2014,437.515,6023351178,35685800
02-04-2014,447.0822,5506313797,49647600
03-04-2014,448.8792,5604036051,40765500
04-04-2014,464.8259,5641613449,22925500
05-04-2014,460.7028,5824866676,13404500
06-04-2014,457.792,5808861023,10241400
07-04-2014,450.4638,5775641210,9802770
08-04-2014,440.1983,5718579640,10921600
09-04-2014,360.8407,5589580215,13204400
10-04-2014,420.0563,4611917257,55868300
11-04-2014,420.66,5318033925,62562800
12-04-2014,414.9495,5321874506,19226500
13-04-2014,457.6338,5234667259,22493500
14-04-2014,520.1233,5802302128,50730200
15-04-2014,529.1625,6522974948,49561000
16-04-2014,494.4,6674473792,56480100
17-04-2014,478.2312,6278792387,34025500
18-04-2014,501.5515,6074116360,19042400
19-04-2014,497.3177,6353700029,19588200
20-04-2014,492.6733,6312896984,12103100
21-04-2014,484.8533,6284666435,15171400
22-04-2014,487.525,6187034895,9770190.335
23-04-2014,494.2733,6231920621,8412033.043
24-04-2014,458.8067,6350012525,9512215.004
25-04-2014,453.8,5857079867,44062361.81
26-04-2014,437.9216,5822776642,11997979.87
27-04-2014,436.92,5542720307,9760121.835
28-04-2014,443.27,5593864954,20781687.98
29-04-2014,444.9968,5683724524,15011935.55
30-04-2014,455.0913,5690810165,13054745.68
01-05-2014,443.4734,5821425472,11953625.13
02-05-2014,434.0333,5716625927,8165770.148
03-05-2014,433.9432,5570422954,9446958.636
04-05-2014,429.0761,5554777406,5229830.631
05-05-2014,426.7634,5518951942,8567756.392
06-05-2014,439.3,5463474513,10822749.12
07-05-2014,437.3633,5590798951,16360711.04
08-05-2014,447.4933,5609810850,8491458.546
09-05-2014,452.505,5730133343,8820053.293
10-05-2014,436.2833,5795543101,5529665.187
11-05-2014,439.19,5598956479,11522907.03
12-05-2014,437.305,5633629021,5903393.674
13-05-2014,444.2467,5625308533,5619474.109
14-05-2014,444.25,5669111766,6764834.291
15-05-2014,445.165,5712906334,6219944.385
16-05-2014,445.8533,5725217915,5292980.731
17-05-2014,444.2133,5737967927,2642092.213
18-05-2014,443.87,5706165793,7828552.782
19-05-2014,483.4167,5706978471,11697296.02
20-05-2014,488.7717,6214911439,59415447.48
21-05-2014,522.6083,6294422409,20125942.25
22-05-2014,524.475,6716604600,28758404.01
23-05-2014,523.1083,6662964359,30253343.7
24-05-2014,569.3767,6727963028,10236386.68
25-05-2014,579.6217,7325371780,43762384.56
26-05-2014,569.475,7479335238,26174591.72
27-05-2014,571.5533,7325147499,33059214.24
28-05-2014,565.26,7402205099,15739188.29
29-05-2014,621.1467,7290260762,14362990.94
30-05-2014,620.5,7897757908,42271699.64
31-05-2014,640.1617,8007248676,18656368.1
01-06-2014,656.41,8094125581,53565199.68
02-06-2014,667.3683,8487587033,41153743.55
03-06-2014,641.1833,8580309812,37419432.11
04-06-2014,658.1,8249183077,43722721.86
05-06-2014,648.63,8478552324,24809749.57
06-06-2014,651.7083,8409353268,14032413.37
07-06-2014,649.8983,8428206589,12954147.5
08-06-2014,643.905,8445489607,6819173.803
09-06-2014,649.0567,8290260777,15165258
10-06-2014,630.0367,8359493315,13698528.1
11-06-2014,567.175,8116778557,20706208.81
12-06-2014,594.6833,7309311839,41032286.05
13-06-2014,570.0033,7666330028,37950646.15
14-06-2014,583.41,7350662806,33752601.59
15-06-2014,592.52,7526353631,19377536.88
16-06-2014,607.1583,7646618730,25803391.33
17-06-2014,604.19,7838352937,14064824.78
18-06-2014,593.3883,7802403927,14955835.77
19-06-2014,590.055,7665345555,11266428.3
20-06-2014,591.2567,7625133251,14899960.97
21-06-2014,595.0367,7643411864,8304999.79
22-06-2014,586.1483,7694627831,9952321.043
23-06-2014,582.415,7582634214,11249420.62
24-06-2014,561.4717,7537047075,11613405.82
25-06-2014,579.5867,7268686297,18237241.35
26-06-2014,598.2367,7505647765,12733876.65
27-06-2014,594.8717,7750006889,19906418.83
28-06-2014,598.4883,7709210053,13624207.4
29-06-2014,637.755,7758488115,8878656.403
30-06-2014,643.935,8269625590,47015974.06
01-07-2014,648.1075,8351853048,38496541.69
02-07-2014,640.2838,8408206449,25992122.17
03-07-2014,627.1288,8308930858,18539083.75
04-07-2014,627.5813,8140821666,22418156.55
05-07-2014,631.0025,8149049043,9292051.769
06-07-2014,619.495,8195697096,11187211.13
07-07-2014,620.0475,8048556477,18525910.65
08-07-2014,620.16,8058075305,9269839.61
09-07-2014,615.1275,8060033472,9329941.3
10-07-2014,630.835,7994627579,15009203.94
11-07-2014,633.6389952,8198773245,15836826.82
12-07-2014,627.4623228,8235215928,13267457.87
13-07-2014,618.2050265,8154939571,11435029.12
14-07-2014,618.9525,8034625268,2646077079
15-07-2014,614.1475,8044339957,10776372.32
16-07-2014,622.895,7981890813,13679053.32
17-07-2014,627.0188,8095579447,14637445.28
18-07-2014,626.1763,8173252760,14086517.69
19-07-2014,620.5138,8165088481,7640657.031
20-07-2014,619.9088,8093609699,4767570.263
21-07-2014,619.0063,8088074095,8225443.992
22-07-2014,617.9425,8078589321,7698580.923
23-07-2014,599.8088,8066930366,9043046.013
24-07-2014,600.0963,7832303310,24703385.25
25-07-2014,593.775,7837677745,20256797.4
26-07-2014,590.3788,7758026640,11443452.29
27-07-2014,585.2788,7715896689,9300140.747
28-07-2014,581.7138,7651364384,23117898.16
29-07-2014,560.7913,7607013191,11790372.33
30-07-2014,583.1821057,7335781094,18397948.92
31-07-2014,593.8655274,7630850376,23252091.39
01-08-2014,588.2306992,7773046502,22927176.8
02-08-2014,585.5731941,7701689838,9260582.608
03-08-2014,586.3686859,7669135008,9179432.126
04-08-2014,582.4186268,7681459104,11325982.79
05-08-2014,583.325,7631722476,13046784.25
06-08-2014,587.203159,7645917854,12769922.2
07-08-2014,590.9072702,7699128900,11942668.46
08-08-2014,588.107856,7749970439,12277588.53
09-08-2014,588.5004826,7716004476,7934876.355
10-08-2014,573.4063,7723612746,8504716.676
11-08-2014,567.4023482,7528222642,16394404.86
12-08-2014,543.6675,7451879445,15825348.32
13-08-2014,503.7088,7142146356,36644669.93
14-08-2014,492.2844983,6619438824,46265624.63
15-08-2014,521.0463,6470895123,31123413.36
16-08-2014,494.7813,6851511348,27941383.43
17-08-2014,459.8863,6508254264,28596111.8
18-08-2014,484.155,6051494359,60758484.53
19-08-2014,514.1863,6373125927,45173284.03
20-08-2014,515.605,6770599524,55122051.11
21-08-2014,515.8263,6791368598,47111104.08
22-08-2014,496.5688,6796320998,34159957.6
23-08-2014,508.1138,6544627813,23986341.56
24-08-2014,500.3863,6698642065,18509793.27
25-08-2014,510.6388,6598469042,15737842.72
26-08-2014,510.4463,6735887475,21288943.92
27-08-2014,506.915,6735479301,21505988.92
28-08-2014,508.0963,6691049888,18467248.49
29-08-2014,501.53,6708840033,16001723.63
30-08-2014,480.0263,6624308546,10747408.66
31-08-2014,475.82,6342575501,43358429.76
01-09-2014,474.6938,6288710717,19343751.81
02-09-2014,474.7263,6275487638,21083352.22
03-09-2014,489.5475,6277994218,14233663.71
04-09-2014,480.2425,6475917910,23597497.06
05-09-2014,482.3588,6354592772,14058803.05
06-09-2014,480.6025,6384706079,9776900.705
07-09-2014,471.125,6363333296,7748654.383
08-09-2014,471.7538,6239603056,27618107.42
09-09-2014,477.1138,6249605641,20218609.3
10-09-2014,476.3775,6322521232,20792329.42
11-09-2014,473.6875,6314752955,14579193.13
12-09-2014,476.0013,6280918617,13395857.32
13-09-2014,474.795,6313764543,14007703
14-09-2014,473.0313,6299010306,11468703.33
15-09-2014,462.5925,6278083239,12723496.88
16-09-2014,454.6238,6141505243,16956832.82
17-09-2014,423.565,6037835957,23179362.99
18-09-2014,393.2625,5627251629,48338347.98
19-09-2014,408.5025,5226301320,47766762.16
20-09-2014,396.62,5430693510,47847915.32
21-09-2014,398.3113,5274312253,32843840.16
22-09-2014,433.7513,5298466364,24225299.21
23-09-2014,420.92,5771559860,57448184.25
24-09-2014,407.9775,5602424154,32689372.44
25-09-2014,402.88,5431965427,30733509.97
26-09-2014,398.0075,5365475264,23707503.07
27-09-2014,375.9888,5301867858,16698720.05
28-09-2014,373.0888,5009825167,29504744.83
29-09-2014,387.3513,4972406273,37668363.04
30-09-2014,380.895,5164012591,34519038.81
01-10-2014,371.8413,5079406228,26019381.16
02-10-2014,356.19,4959944621,19867284.51
03-10-2014,327.8813,4752500694,29080111.34
04-10-2014,325.11,4376051376,44971218.62
05-10-2014,328.73,4340421694,81809696.99
06-10-2014,331.7238,4390074095,75997580.14
07-10-2014,353.3901,4431199693,43924704.46
08-10-2014,358.395,4721892499,50777426.83
09-10-2014,357.555,4790047734,80036548.34
10-10-2014,359.515,4780224306,42046080.75
11-10-2014,374.1675,4807704216,32266988.41
12-10-2014,387.0388,5005060918,30739066.02
13-10-2014,398.2888,5178714608,55435747.92
14-10-2014,392.19,5330587770,71417120.07
15-10-2014,379.3913,5250404406,49257724.14
16-10-2014,380.2925,5080504777,48941848.67
17-10-2014,389.1163,5093875428,38063635.9
18-10-2014,386.945,5213672025,43799624.06
19-10-2014,379.77,5185875585,32870166.1
20-10-2014,382.4138,5090987746,32186402.18
21-10-2014,379.4425,5127920489,33195457.63
22-10-2014,356.2,5089595057,22279085.76
23-10-2014,354.3175,4779135400,48354309.49
24-10-2014,347.0304941,4755312883,32650701.35
25-10-2014,350.1888,4658797625,35098508.12
26-10-2014,348.29,4702361471,27618300.83
27-10-2014,351.5638,4678274816,40322147.38
28-10-2014,333.1475,4723453013,26517269.32
29-10-2014,343.6675,4477252539,43376134.31
30-10-2014,336.5879758,4620136995,59854847.08
31-10-2014,323.9763,4526519246,30524273.86
01-11-2014,323.985,4358250679,38569972.59
02-11-2014,323.995,4359606957,28711350.71
03-11-2014,328.0083,4361102298,40772300.42
04-11-2014,337.5933,4416492356,35073797.88
05-11-2014,347.8183,4546689685,44434915.11
06-11-2014,341.2317,4685738574,43131102.63
07-11-2014,344.1783,4598267773,40263476.29
08-11-2014,363.4241291,4639316977,30212775.72
09-11-2014,363.765,4900092961,51466025.87
10-11-2014,366.15,4906043990,62274660.84
11-11-2014,418.5783,4939381808,45679773.64
12-11-2014,414.7083,5648170007,234617998.9
13-11-2014,395.245,5597421602,338849744.2
14-11-2014,377.3267,5336222507,263499968.6
15-11-2014,387.6233,5095655586,99179350.35
16-11-2014,384.9,5236180276,95731301.28
17-11-2014,374.8683,5200788045,152824089.1
18-11-2014,376.7883,5066663713,109440633.1
19-11-2014,355.3888346,5093942323,84367865.37
20-11-2014,349.3882854,4805825478,93722502.04
21-11-2014,351.55,4725799745,100624477.6
22-11-2014,366.7817,4756418768,68856354.94
23-11-2014,377.7417,4963794289,71063869.31
24-11-2014,375.248,5113527167,116848548.4
25-11-2014,365.766,5080998638,115570302.5
26-11-2014,368.448,4953852407,92282203.68
27-11-2014,376.951,4991429534,70974036.26
28-11-2014,374.965,5108072425,91254232.82
29-11-2014,376.472,5082659949,100952560.5
30-11-2014,379.489,5104546201,74926943.91
01-12-2014,381.3768,5146696229,64120830.5
02-12-2014,374.103,5173729066,66841251.27
03-12-2014,368.2282,5076166197,74772912.71
04-12-2014,376.379,4997777245,62639548.33
05-12-2014,373.671,5109881265,57857463.43
06-12-2014,374.448,5074368104,48428933.76
07-12-2014,361.433,5086108462,38514374.88
08-12-2014,350.928,4910799207,66593741.91
09-12-2014,346.9798718,4769269438,88924869.66
10-12-2014,346.909,4716905099,59696950.63
11-12-2014,351.502,4717173182,118502898.8
12-12-2014,347.484,4780796277,50698218.4
13-12-2014,350.133,4727528507,38735004.41
14-12-2014,344.615,4764706151,44354135.29
15-12-2014,328.534,4690951072,30644200.62
16-12-2014,318.828,4473187530,71798679.48
17-12-2014,309.765,4342046796,76239460.27
18-12-2014,317.54,4219673039,90976235.79
19-12-2014,328.774,4326569824,60607669.35
20-12-2014,319.501,4480153982,64328493.85
21-12-2014,329.886,4353792202,58024786.31
22-12-2014,333.97,4498284260,51126866.97
23-12-2014,322.194,4555334102,58571793.11
24-12-2014,318.166,4395934388,37974791.62
25-12-2014,327.7169709,4342234118,75362825.06
26-12-2014,314.568,4473844614,93256490.21
27-12-2014,316.491,4295536139,145862961.1
28-12-2014,312.633,4322768587,67051620.39
29-12-2014,310.079,4271645364,99471184.47
30-12-2014,317.379,4237996981,71609763.02
31-12-2014,313.992,4338943850,71036111.35
01-01-2015,314.446,4293958347,46999364.09
02-01-2015,286.572,4301448335,38855906.3
03-01-2015,260.936,3921358112,118778941.4
04-01-2015,273.22,3571639781,205500149
05-01-2015,285.3738,3740880427,155038125.5
06-01-2015,295.8725,3908408221,97002895.98
07-01-2015,284.4525,4053238742,110674233
08-01-2015,289.5738,3897824162,86570544.47
09-01-2015,274.533,3968992614,83478400.28
10-01-2015,267.184,3763909200,92683835.63
11-01-2015,268.3536677,3664201454,73256737.91
12-01-2015,221.436,3681154854,78982214.89
13-01-2015,172.1479,3038251389,215752219.9
14-01-2015,210.5559,2362639550,236006920.8
15-01-2015,205.816,2890521923,257637517.3
16-01-2015,199.4914,2826188131,176217465.5
17-01-2015,208.9892,2740019366,106431481.1
18-01-2015,214.545,2871292169,118664232.7
19-01-2015,210.5137,2948379299,105545327.3
20-01-2015,224.0451,2893626589,94312137.94
21-01-2015,232.0423,3080429687,99166469.2
22-01-2015,232.898,3191202338,151229886.4
23-01-2015,248.096,3203686664,126038219.2
24-01-2015,253.8389,3413521852,134933345.1
25-01-2015,271.2882,3493324596,142426844.9
26-01-2015,259.2356,3734336331,401755946.5
27-01-2015,233.91,3568728002,339951744.7
28-01-2015,232.5329422,3221725804,44352176
29-01-2015,228.6354,3203612158,161971565.5
30-01-2015,218.0233,3150704414,105832532.6
31-01-2015,226.2697,3005342179,92459195.63
01-02-2015,240.0193,3119897131,100844154.3
02-02-2015,226.0119,3310466195,108043831.2
03-02-2015,225.3083,3117998019,135790231.9
04-02-2015,216.9136,3109175682,83155505.16
05-02-2015,222.4872,2994172300,74142168.01
06-02-2015,227.2051,3072075447,88164946.84
07-02-2015,222.9061,3138151161,80694160.19
08-02-2015,220.0922,3079497925,76979240.31
09-02-2015,220.6493,3041547651,79154588.47
10-02-2015,219.0956,3049996660,66708973.92
11-02-2015,222.0401588,3029418429,65150873.75
12-02-2015,235.6774,3070809845,51632481.44
13-02-2015,259.0086,3260249205,137045816.2
14-02-2015,232.9962,3584044453,165435433.7
15-02-2015,235.9199,3224923704,199965387.7
16-02-2015,242.4568,3266299220,128976205
17-02-2015,234.6238,3357729670,121468767.5
18-02-2015,240.2988,3250184845,88821471.78
19-02-2015,244.0821,3329826479,71396084.82
20-02-2015,244.1459,3383185376,80482172.1
21-02-2015,235.553,3384954727,64143296.2
22-02-2015,238.1319,3266702003,74180476.07
23-02-2015,238.7314,3303312137,61755698.93
24-02-2015,237.378,3312404143,58732103.48
25-02-2015,236.1711558,3294575196,57584610.06
26-02-2015,253.8991,3278687400,44991044.51
27-02-2015,253.5991,3525782547,137186494.7
28-02-2015,257.7075,3522504179,85884430.31
01-03-2015,269.9615,3580465594,58106060.44
02-03-2015,280.6242,3751796695,93658288.67
03-03-2015,273.0193,3901083285,128754965.9
04-03-2015,274.8255,3796353843,119553920
05-03-2015,272.3413,3822334890,98543018.35
06-03-2015,275.5846387,3788784931,74704492.04
07-03-2015,274.578,3834877371,50059694.68
08-03-2015,289.2957,3821054906,45050575.23
09-03-2015,290.3057,4027806172,111062141.1
10-03-2015,295.961,4043022165,129285347.5
11-03-2015,293.9203,4122115212,73794326.12
12-03-2015,288.0365,4095470764,65277495.59
13-03-2015,281.4887,4014523121,67739327.35
14-03-2015,285.2645,3924198781,63244191.83
15-03-2015,290.0955,3977863689,32203956.62
16-03-2015,284.3491,4046186763,60818266.22
17-03-2015,255.6062,3967004055,50540130.75
18-03-2015,260.0037,3566978131,123648767.8
19-03-2015,260.9075,3629235646,133194355.1
20-03-2015,259.4899,3642718765,59404464.5
21-03-2015,267.7981,3623906198,54148215.13
22-03-2015,266.0272,3740905134,51503307.07
23-03-2015,245.1679,3717118257,73040649.64
24-03-2015,246.2715,3426730126,153991184.3
25-03-2015,247.5595,3443109528,175875957.6
26-03-2015,247.1476,3462026773,148675593.3
27-03-2015,252.0497,3457360134,90325941.06
28-03-2015,241.9137,3526137496,82125758.56
29-03-2015,246.5418,3384336376,84472855.79
30-03-2015,243.2692,3449082801,96641741.12
31-03-2015,246.7755,3403299618,76545513.49
01-04-2015,252.341,3456621445,78230800.05
02-04-2015,253.6227,3535619145,95206093.36
03-04-2015,253.3213,3554522140,94243302.29
04-04-2015,259.7118,3551247974,63959131.2
05-04-2015,255.4233,3641795730,82969308.75
06-04-2015,253.2085,3582471422,83832524.04
07-04-2015,244.2709,3551882234,88508043.43
08-04-2015,243.2006549,3427768045,106548662.3
09-04-2015,234.5253,3413570472,93749435.17
10-04-2015,236.4501,3292518276,110710603.1
11-04-2015,235.7386,3319540688,87634999.72
12-04-2015,223.9464,3309551886,62271722.26
13-04-2015,217.9995,3146530900,87796699.15
14-04-2015,223.0161,3063792223,109539415.1
15-04-2015,227.9995,3134965195,71588917.36
16-04-2015,222.4171383,3205775570,88471192.54
17-04-2015,222.9537,3127985666,101386584.1
18-04-2015,222.6812,3136367732,70165374.02
19-04-2015,224.3086,3133241392,58633108.41
20-04-2015,234.6867,3157115506,63561423.22
21-04-2015,233.7807,3304071909,80763824.95
22-04-2015,235.1735,3292205019,72515582.87
23-04-2015,230.9863,3312571610,55130032.4
24-04-2015,225.9568,3254290910,73282646.19
25-04-2015,218.5065,3184369640,58830426.89
26-04-2015,228.5712,3080176877,96999963.63
27-04-2015,225.6423,3222813920,95409417.49
28-04-2015,225.9978,3182408230,71643965.12
29-04-2015,236.2208,3188139665,56781693.78
30-04-2015,232.7403,3333116827,103785827.3
01-05-2015,235.1563,3284896594,74708330.71
02-05-2015,239.882,3319854339,61431426.39
03-05-2015,238.9706,3387421698,86630763.25
04-05-2015,236.0015,3375292446,84138462.79
05-05-2015,229.8152,3334246892,71871894.07
06-05-2015,236.845,3246886599,70623213.74
07-05-2015,243.657,3346205371,74887945.16
08-05-2015,241.5321,3442447010,79882346.23
09-05-2015,239.5548,3412425892,79529081.71
10-05-2015,241.8506,3384490103,67810639.81
11-05-2015,241.5189,3416925739,70787411.31
12-05-2015,235.4793,3412239399,60882937.63
13-05-2015,236.704,3326910420,50100818.29
14-05-2015,236.9908,3344213288,56975125.5
15-05-2015,235.9781,3348265270,39256136.3
16-05-2015,236.0847,3333957591,26856157.04
17-05-2015,232.4757,3335463663,24401603.48
18-05-2015,231.9446,3284474809,33772801.86
19-05-2015,234.048,3276971295,31085021.51
20-05-2015,235.4205,3306688656,28778007.29
21-05-2015,240.9352,3326079679,27373179.76
22-05-2015,239.0329941,3419033119,54518478.96
23-05-2015,241.2417,3392690898,47757592.66
24-05-2015,237.441,3424926508,29761665.98
25-05-2015,237.4971,3371792793,30834563.23
26-05-2015,237.2305,3373426621,30268982.76
27-05-2015,237.4891,3370470121,30728765.83
28-05-2015,237.0714,3374927914,26801090.33
29-05-2015,233.4572,3369940317,31108417.13
30-05-2015,229.6785,3319341161,31403744.86
31-05-2015,223.3178,3266430207,23353985.65
01-06-2015,225.7387,3176729203,43602264.82
02-06-2015,225.4831,3212024675,32062237.06
03-06-2015,224.1748,3208477949,30472196.12
04-06-2015,224.7413,3189861690,29003069.46
05-06-2015,225.2889,3197922617,32252691.59
06-06-2015,223.6157,3205714609,18238445.74
07-06-2015,228.7013,3181906061,24133822.47
08-06-2015,229.5264,3254270843,40449914.19
09-06-2015,229.0022,3266011480,36746856.38
10-06-2015,229.9343,3258552455,29194036.77
11-06-2015,230.5181,3271815632,28833233.41
12-06-2015,232.6301,3280122726,29722314.85
13-06-2015,233.6681,3310175113,29012321.27
14-06-2015,237.2013,3324945179,35303170.71
15-06-2015,250.4743,3375220318,46839294.42
16-06-2015,247.6944,3564086481,96364192.87
17-06-2015,248.552,3524530311,100630046.4
18-06-2015,242.9967,3536733401,67360540.68
19-06-2015,245.4754,3457685093,60767655.66
20-06-2015,243.9959,3492955383,55692672.67
21-06-2015,247.279,3488836375,26531885.05
22-06-2015,243.8486,3536683170,41166801.75
23-06-2015,240.5377,3488498072,37387508.43
24-06-2015,242.4769,3442040366,39616260.3
25-06-2015,242.4819,3470729480,34244051.08
26-06-2015,250.621,3471728541,34005665.06
27-06-2015,248.3451,3589074420,49080095.22
28-06-2015,256.303874,3557369716,40522516.66
29-06-2015,262.4063255,3672257830,73197757.01
30-06-2015,257.5058,3760650013,99893250.07
01-07-2015,254.6537509,3691294142,68104997.64
02-07-2015,255.161,3651410105,52711167.63
03-07-2015,260.415,3659678538,42339288.97
04-07-2015,271.0401208,3736024266,42932957.08
05-07-2015,268.595,3889432509,96139966.49
06-07-2015,265.384452,3855533498,111884711.2
07-07-2015,269.6130164,3810376692,64748934.31
08-07-2015,268.8928,3871966451,79366281.26
09-07-2015,285.0223,3862503903,75940632.2
10-07-2015,291.8907432,4095521056,113799594.1
11-07-2015,310.1915636,4195301868,114394387.2
12-07-2015,290.6655,4459352693,115546321.2
13-07-2015,286.6654,4179711757,130058766.8
14-07-2015,283.9491881,4122384618,74446013.37
15-07-2015,276.6801,4084701354,52932167.7
16-07-2015,278.3728,3981564979,97423601.54
17-07-2015,274.4839,4007009432,60573486.78
18-07-2015,272.8061796,3951120257,52505422.18
19-07-2015,277.2454,3926969933,26896009.89
20-07-2015,274.9428877,3993823954,40729476.38
21-07-2015,276.1756,3961652068,43239135.23
22-07-2015,275.6135,3980470592,43240737.35
23-07-2015,288.4447168,3973299339,34164576.52
24-07-2015,288.3881586,4158911305,79396118.75
25-07-2015,291.7037645,4158095826,54859994.56
26-07-2015,292.6148,4205901558,40248392.33
27-07-2015,293.9933,4219037232,63540197.33
28-07-2015,288.7194991,4238912997,63623601.6
29-07-2015,286.8366,4162873226,52624701.47
30-07-2015,283.6760591,4135724833,43880110.29
31-07-2015,280.7014,4090154891,63971590.59
01-08-2015,281.7267,4047265066,53533745.83
02-08-2015,281.8298708,4062048251,46165536.82
03-08-2015,284.2393,4063535809,41411646.71
04-08-2015,281.4010624,4098275923,48308760.91
05-08-2015,278.0134,4057353078,43424335.53
06-08-2015,278.5088138,4008508407,41914107.68
07-08-2015,259.8007284,4015651480,47637462.17
08-08-2015,264.3384834,3745910822,80056217
09-08-2015,263.5782,3811337989,67863178.91
10-08-2015,269.8668,3817350355,60783290.22
11-08-2015,267.7126,3909600812,64124893
12-08-2015,263.6558186,3879202424,73043602.39
13-08-2015,265.1281,3821420844,57163446.8
14-08-2015,260.4762323,3843674745,61280618.56
15-08-2015,257.8158,3777139797,38131976.87
16-08-2015,257.0634,3739450599,55868003.65
17-08-2015,253.0766,3729475807,51730292.4
18-08-2015,225.9602,3672268004,49833133.8
19-08-2015,234.6379,3279919634,143390129.3
20-08-2015,232.3324,3406737000,99655604.53
21-08-2015,229.1488,3374233145,62180213.61
22-08-2015,227.2454,3328896176,102329840.3
23-08-2015,210.0943851,3302029053,72465770.67
24-08-2015,221.3283,3053595830,139379271.3
25-08-2015,225.2666,3217665292,183422133
26-08-2015,222.9704,3275815634,144278489.5
27-08-2015,231.6583,3243160211,69900344.07
28-08-2015,228.4683,3370431355,95134718.76
29-08-2015,228.0672,3324950575,56654306.07
30-08-2015,230.0781,3319968529,54615311.64
31-08-2015,227.1631,3350144206,58032869.77
01-09-2015,228.6428,3308579440,61479340.24
02-09-2015,226.5658,3331062657,47781609.22
03-09-2015,230.0509,3301579143,43765322.15
04-09-2015,234.7495,3353296685,55274502.38
05-09-2015,239.1289,3422635973,58712579.1
06-09-2015,240.503,3487336313,70113446.3
07-09-2015,243.5587,3508277387,50336412.98
08-09-2015,237.9452,3553698013,67754768.56
09-09-2015,238.7763,3472697170,55993048.12
10-09-2015,240.0007956,3485799693,48531118.88
11-09-2015,234.9098,3504653619,44294574.35
12-09-2015,230.5048,3431133648,40541222.5
13-09-2015,230.21,3367623264,46253457.41
14-09-2015,229.9118,3364179590,52117340.61
15-09-2015,228.464,3360764475,58562863.2
16-09-2015,232.746,3340446395,51089489.85
17-09-2015,232.354,3403177100,54594105.83
18-09-2015,231.2733,3399002107,79606359.73
19-09-2015,230.6597,3383904198,39022087.91
20-09-2015,226.4528,3375670111,36477159.26
21-09-2015,229.8831,3314850054,36795275.82
22-09-2015,229.8658,3365879385,71785978.84
23-09-2015,233.9255,3366614507,53526673.24
24-09-2015,234.9767,3426856523,124125639.3
25-09-2015,234.5279,3443254571,115435785.5
26-09-2015,232.8347,3437534062,93607431.45
27-09-2015,239.2765,3413577895,75776526.64
28-09-2015,237.2262,3508852289,245683532.1
29-09-2015,236.0463,3479847405,115160470.8
30-09-2015,237.7358,3463401139,76056339.96
01-10-2015,237.2593,3489093808,72356986.65
02-10-2015,238.9718,3482919072,84448749.1
03-10-2015,238.6566,3508906580,73353042.37
04-10-2015,240.3238,3505203182,78899567.08
05-10-2015,246.444,3530596946,107434379.9
06-10-2015,243.2229,3621402164,135776679.8
07-10-2015,242.9008,3574397658,121587412.8
08-10-2015,244.2051,3569664084,97564224.99
09-10-2015,245.3209,3588832044,109153977
10-10-2015,247.5392,3607756619,89165069.7
11-10-2015,245.5661,3640379548,79268221.72
12-10-2015,249.4051,3611362597,108125413.6
13-10-2015,252.6956,3667819987,164455688.1
14-10-2015,254.6295531,3720285701,321865165.9
15-10-2015,262.3735,3749948525,207297257.6
16-10-2015,270.3646,3864938757,332398256.2
17-10-2015,262.2345,3983558776,271593080.8
18-10-2015,264.2094,3864772726,116712427.1
19-10-2015,270.2664,3894955159,224715633.9
20-10-2015,267.0187,3985078068,319017395.2
21-10-2015,273.573,3938178701,201630914.9
22-10-2015,277.3884,4035872004,229034925.7
23-10-2015,282.9566,4093191773,130573069.8
24-10-2015,284.749,4176382825,168029249.4
25-10-2015,285.5159,4203955930,336860319.6
26-10-2015,294.8094,4215884952,221583939.3
27-10-2015,303.6366,4354732831,329397533.9
28-10-2015,313.9073,4486177629,387209571.1
29-10-2015,325.8006,4639133967,543163761.5
30-10-2015,312.2783,4816269545,843340993.2
31-10-2015,324.9971,4617510890,321997491.8
01-11-2015,350.7678,4806796483,582434357.4
02-11-2015,398.2369,5189223756,636690229
03-11-2015,404.3588,5893149470,987283928.3
04-11-2015,387.473,5985308849,984425381.8
05-11-2015,372.826,5736789622,913505444.8
06-11-2015,387.06,5521254799,770242854.5
07-11-2015,371.502,5733490750,462741972.5
08-11-2015,380.644,5504396533,264157489.6
09-11-2015,336.873,5641277305,420137368.4
10-11-2015,305.983,4993780087,620473336.4
11-11-2015,337.955,4537161821,572707252.5
12-11-2015,337.372,5012582356,546923067.5
13-11-2015,331.501,5005284729,414918018.1
14-11-2015,320.484,4919391965,131135195.6
15-11-2015,331.353,4757160339,237800138.7
16-11-2015,335.111,4919473734,239442892.6
17-11-2015,335.447,4976968039,236625919.3
18-11-2015,325.568,4983266453,185981663.3
19-11-2015,321.417,4837533520,206391901.3
20-11-2015,325.159,4777269084,123560944.2
21-11-2015,323.395,4834317690,199949522.2
22-11-2015,322.829,4809449591,167053005.4
23-11-2015,319.979,4802404204,188739479.4
24-11-2015,328.169,4761183527,103800161.9
25-11-2015,356.245,4884311516,714595229.5
26-11-2015,359.011,5303722123,1237550808
27-11-2015,356.212,5346023826,895711315.7
28-11-2015,371.488,5305804456,667783121.8
29-11-2015,378.265,5534688266,921927632.2
30-11-2015,363.45,5637217099,1299027009
01-12-2015,358.82,5417967322,523072117.5
02-12-2015,360.954,5350373990,1153668372
03-12-2015,362.767,5383466481,1149814390
04-12-2015,390.645,5411894144,1039912870
05-12-2015,394.011,5829507440,1426331736
06-12-2015,394.355,5881283994,1512626610
07-12-2015,412.93,5887868033,1282263557
08-12-2015,417.368,6167016641,954462002.3
09-12-2015,416.91,6235070986,1528970868
10-12-2015,452.415,6230407268,1275837073
11-12-2015,434.903,6762812524,1623480958
12-12-2015,435.815,6502593548,1745413357
13-12-2015,443.277,6517994663,1484344616
14-12-2015,464.999,6631778542,1497157324
15-12-2015,453.914,6958907660,1555251795
16-12-2015,456.473,6794808884,896686369.8
17-12-2015,463.816,6834975642,1302614351
18-12-2015,462.053,6946908499,1135226734
19-12-2015,441.129,6922223917,556941127
20-12-2015,437.809,6610549658,1175787491
21-12-2015,436.237,6562505170,1416880180
22-12-2015,442.821,6540512247,1296402582
23-12-2015,454.907,6640942255,955949147.6
24-12-2015,455.742,6823821081,1418671442
25-12-2015,417.092,6838203626,1058738142
26-12-2015,423.925,6260008700,1725069506
27-12-2015,420.708,6364767558,1378749291
28-12-2015,432.154,6318056014,1310931885
29-12-2015,426.811,6491698546,1176234727
30-12-2015,431.139,6413208735,1227648166
31-12-2015,434.427,6479728151,1310033275
01-01-2016,434.326,6530621624,1338781511
02-01-2016,430.198,6530688608,769869067.6
03-01-2016,433.534,6470199430,984185979.6
04-01-2016,432.115,6522334778,1021957723
05-01-2016,431.343,6502628563,758209345.9
06-01-2016,456.434,6492499351,833341869.3
07-01-2016,454.6963,6870164692,1637948558
08-01-2016,448.709,6847658074,1501742594
09-01-2016,447.207,6759240199,1085553694
10-01-2016,448.349,6738604517,1361099090
11-01-2016,445.792,6757695468,1182725806
12-01-2016,432.12,6721027667,888588584.8
13-01-2016,429.243,6516499236,1584488641
14-01-2016,365.912,6474583370,1266295629
15-01-2016,384.813,5519407460,1576734614
16-01-2016,386.356,5806905133,1710583688
17-01-2016,385.132,5830189311,1476285801
18-01-2016,379.015,5814809591,1357696059
19-01-2016,418.848,5723770826,1157108221
20-01-2016,407.815,6326929406,1674254290
21-01-2016,377.21,6161646249,1484721462
22-01-2016,389.641,5700897323,1626853796
23-01-2016,403.056,5889248377,755378842.1
24-01-2016,392.326,6094932221,1458284444
25-01-2016,392.456,5934195570,1332190241
26-01-2016,394.491,5937437390,1231352757
27-01-2016,379.552,5968224752,1023661370
28-01-2016,378.912,5745544310,1144817696
29-01-2016,376.921,5737400249,1378222858
30-01-2016,364.352,5709052773,926767404.4
31-01-2016,371.041,5520342696,795209372.7
01-02-2016,372.868,5623172735,1028395381
02-02-2016,368.124,5652529733,669492000.7
03-02-2016,388.376,5582278352,701511710.6
04-02-2016,385.733,5891023100,1068491901
05-02-2016,374.905,5852736452,1099201402
06-02-2016,375.517,5690251854,979578026
07-02-2016,371.136,5701239913,551083226.5
08-02-2016,373.909,5636117688,542257471.1
09-02-2016,379.829,5679902055,465479007.4
10-02-2016,377.058,5771368715,814090887.7
11-02-2016,382.72,5730998807,503979335.1
12-02-2016,390.424,5818750496,658159244.5
13-02-2016,404.144,5937412022,740171994.7
14-02-2016,399.379,6147686974,1319015073
15-02-2016,407.013,6076721221,1388195100
16-02-2016,416.85,6194279970,1111797900
17-02-2016,421.422,6345582495,1296165324
18-02-2016,419.377,6417045472,1445224879
19-02-2016,441.12,6387331883,601898504.3
20-02-2016,438.65,6720209556,1385245440
21-02-2016,437.803,6684028071,1506908217
22-02-2016,420.302,6672478907,1166708341
23-02-2016,423.187,6407178256,1465084347
24-02-2016,423.142,6452416826,1457408416
25-02-2016,427.029,6453391535,1416389937
26-02-2016,432.139,6514156583,58325277.64
27-02-2016,432.797,6593663290,595150632.4
28-02-2016,436.919,6605163875,546124185.9
29-02-2016,431.371,6669535766,1847224331
01-03-2016,424.485,6586086154,2515777834
02-03-2016,420.171,6482862266,2052408229
03-03-2016,409.408,6418406145,2737847218
04-03-2016,397.241,6255529066,2408874554
05-03-2016,404.912,6071173237,2766255767
06-03-2016,413.74,6189869498,2521764887
07-03-2016,411.877,6326260440,2361080396
08-03-2016,412.319,6299329213,1845168034
09-03-2016,416.292,6307800374,1705210743
10-03-2016,419.299,6370256294,2166212980
11-03-2016,410.801,6417916284,2440375017
12-03-2016,412.495,6289332500,2292018374
13-03-2016,414.585,6316587497,1845648236
14-03-2016,415.641,6350177716,1803876534
15-03-2016,416.544,6367983806,2111129338
16-03-2016,418.4,6383495146,1895643174
17-03-2016,408.28,6413413020,1743173853
18-03-2016,406.739,6259667304,2438769296
19-03-2016,411.882,6237403576,1764836350
20-03-2016,411.091,6317806513,1440329762
21-03-2016,416.36,6307102004,2250456010
22-03-2016,418.076,6389481378,2041042450
23-03-2016,414.883,6417382985,1985257305
24-03-2016,415.743,6369854280,2021330255
25-03-2016,416.715,6384534070,1933831282
26-03-2016,425.349,6401148697,1604214632
27-03-2016,422.756,6535264077,2326287424
28-03-2016,415.547,6497115017,2155194926
29-03-2016,412.597,6388027424,2681866389
30-03-2016,415.366,6344204936,2387281658
31-03-2016,416.754,6388090245,1432304099
01-04-2016,419.67,6410999714,447338223
02-04-2016,418.185,6457346881,633704454
03-04-2016,419.437,6435354873,429476810.4
04-04-2016,422.651,6456959981,525611739.8
05-04-2016,421.656,6508054062,541558101.3
06-04-2016,421.076,6494387878,527136257.7
07-04-2016,418.474,6486917899,593936633.5
08-04-2016,416.145,6448380946,727873660.9
09-04-2016,421.133,6413012926,791269617.3
10-04-2016,422.584,6492839084,484836963.8
11-04-2016,426.181,6516847462,710470936.9
12-04-2016,424.269,6573884543,1182165394
13-04-2016,424.932,6546120648,785800596
14-04-2016,429.966,6558071166,616490737.8
15-04-2016,430.941,6637309898,841700526.6
16-04-2016,428.027,6653836775,743886906.6
17-04-2016,428.506,6610502491,528907575.4
18-04-2016,436.37,6619389286,549297574.3
19-04-2016,441.916,6742483781,674540887.3
20-04-2016,451.083,6830010642,1101674781
21-04-2016,447.488,6973348482,1340299673
22-04-2016,451.818,6919439821,1244399315
23-04-2016,459.923,6987975324,835075482.7
24-04-2016,460.466,7114859335,1609960187
25-04-2016,467.856,7123685300,1607304204
26-04-2016,444.789,7240796777,1278134939
27-04-2016,449.381,6885300361,1344104894
28-04-2016,456.566,6957889603,1497339511
29-04-2016,447.903,7070940369,683291625.4
30-04-2016,452.592,6938342200,577836728.9
01-05-2016,444.488,7012822522,394606185.8
02-05-2016,450.3,6888908380,679795242.4
03-05-2016,447.119,6980741978,460396814.1
04-05-2016,448.922,6933273129,430680620.3
05-05-2016,461.62,6962982235,547921245.8
06-05-2016,459.248,7161803490,892002595.4
07-05-2016,459.283,7126736757,418352341.3
08-05-2016,461.747,7129139993,640880145.1
09-05-2016,450.326,7169395601,892533004.2
10-05-2016,452.179,6993799201,1121093827
11-05-2016,454.731,7024148586,672525013.6
12-05-2016,456.007,7065405649,697010377.1
13-05-2016,455.503,7086941589,489812072.4
14-05-2016,457.837,7080714422,540603400.5
15-05-2016,454.893,7118621365,514727783.6
16-05-2016,452.422,7074393585,649625052.5
17-05-2016,453.371,7037627800,456208618.6
18-05-2016,440.539,7054124066,382814029.9
19-05-2016,441.888,6855767039,626926267.8
20-05-2016,443.147,6878428608,644225134.7
21-05-2016,438.675,6899543980,382669886.1
22-05-2016,443.175,6831902516,369986913.4
23-05-2016,445.769,6903990658,378979422.1
24-05-2016,449.055,6945849972,423917608.1
25-05-2016,453.732,6998825287,593928754.6
26-05-2016,473.864,7073262178,772901620.2
27-05-2016,528.545,7388724420,1609915744
28-05-2016,524.624,8243121752,2308852892
29-05-2016,534.224,8182390025,2265760455
30-05-2016,531.407,8335577206,1027238918
31-05-2016,539.168,8293336920,976889071.5
01-06-2016,538.832,8416291167,864207752.9
02-06-2016,570.445,8413013020,655601895.7
03-06-2016,573.526,8908568259,947549857.4
04-06-2016,574.4756747,8958404429,1014758654
05-06-2016,585.563,8975651028,980649173.4
06-06-2016,577.9106943,9151383511,850291006.7
07-06-2016,583.139,9033842182,995595870
08-06-2016,577.607,9117713570,625927307.7
09-06-2016,579.2276479,9033585758,570784842.2
10-06-2016,597.746562,9060944980,574507838.3
11-06-2016,671.7122785,9352955399,567638086.3
12-06-2016,704.2918522,10512767357,2134843167
13-06-2016,685.9321316,11025583302,1929369214
14-06-2016,693.227,10740428206,1295617504
15-06-2016,765.463,10857217290,1111645976
16-06-2016,749.419,11991494583,2295279423
17-06-2016,756.7996013,11742908608,2089119189
18-06-2016,764.046,11861509350,1639977543
19-06-2016,734.1617358,11978503075,1440147059
20-06-2016,664.9965294,11512940800,1274257071
21-06-2016,591.895,10430819686,2616450205
22-06-2016,623.2062564,9286122276,2116429838
23-06-2016,661.4166052,9779539537,2950728709
24-06-2016,666.0566979,10381264326,2819565197
25-06-2016,629.306,10456807082,2165368589
26-06-2016,648.3,9882102247,1973414930
27-06-2016,646.843,10182702232,1893446211
28-06-2016,637.437,10162291636,1557753995
29-06-2016,671.616,10016780634,1478192306
30-06-2016,677.71,10556309174,1557452115
01-07-2016,693.047,10654888849,1520646626
02-07-2016,664.7451003,10897332419,1369565986
03-07-2016,678.7005717,10456041581,1980745475
04-07-2016,667.530518,10678148802,1647219063
05-07-2016,675.919,10504760880,1363651289
06-07-2016,638.62,10639167836,1193299158
07-07-2016,665.7445063,10054273625,2122556833
08-07-2016,653.8705125,10483645176,1407424927
09-07-2016,650.321,10298813662,1734638027
10-07-2016,649.07,10244077501,1043956725
11-07-2016,670.948,10225531861,969355597.1
12-07-2016,658.15,10571303712,1085661832
13-07-2016,659.576,10370703851,930971250.7
14-07-2016,665.6869915,10394281929,907126119.1
15-07-2016,663.501,10491679653,915530669.9
16-07-2016,678.3905582,10458476977,583921220
17-07-2016,674.7874378,10694420116,878701509.4
18-07-2016,674.557389,10638777020,951136968
19-07-2016,670.8934741,10636194258,721148317.7
20-07-2016,665.3643845,10579131342,718486386.1
21-07-2016,651.09,10493517599,651736587.5
22-07-2016,655.423,10269410782,744993482.4
23-07-2016,660.8489235,10338768243,749951409.5
24-07-2016,654.5186383,10425364937,628152931.6
25-07-2016,651.31,10326505496,571897923.7
26-07-2016,655.6182633,10276898044,704328935.7
27-07-2016,655.8904302,10345876482,701731382.9
28-07-2016,657.3423792,10351218168,590272472.8
29-07-2016,654.5489803,10375300169,498459288.3
30-07-2016,623.7457713,10332176091,381261251.2
31-07-2016,605.747,9847086966,1034681070
01-08-2016,517.1349294,9564059424,1099193369
02-08-2016,567.3810616,8165924599,1868906087
03-08-2016,576.6037067,8960483431,2497221231
04-08-2016,576.0338,9107192616,1656264327
05-08-2016,587.635,9099338659,730357921.5
06-08-2016,592.6675,9283768001,781499291.6
07-08-2016,590.7125,9364319559,1119146427
08-08-2016,585.3025,9334500359,732938493.5
09-08-2016,592.2668433,9249860836,764158462.5
10-08-2016,587.6138,9361030949,787203551.1
11-08-2016,586.53,9288488902,332761748.9
12-08-2016,584.4688683,9272434001,332148000.2
13-08-2016,570.7367,9241013898,528917329.6
14-08-2016,567.7342837,9024984100,800709328
15-08-2016,578.2231511,8978508770,689576137.5
16-08-2016,571.461915,9145336947,665471810.7
17-08-2016,572.2684198,9039235991,509828615.1
18-08-2016,573.4919907,9053050627,448162729.7
19-08-2016,581.9462731,9073411772,404401760.6
20-08-2016,580.5870271,9208301152,449090940.6
21-08-2016,585.2175,9187908144,397848571.1
22-08-2016,582.0038,9262302917,391991120.3
23-08-2016,577.8880532,9212472966,602216568.7
24-08-2016,576.1163,9148400142,366732500.4
25-08-2016,578.1038,9121223052,401309291
26-08-2016,568.575,9153633134,338221514.6
27-08-2016,573.5288,9003730819,445311513.4
28-08-2016,572.5102284,9083223370,339737295.9
29-08-2016,576.08,9068122329,381390186.6
30-08-2016,571.7582827,9125715540,414583282.4
31-08-2016,571.59,9058256695,335483654.4
01-09-2016,573.9625,9056523460,356532608.3
02-09-2016,596.195,9095188851,378500484.5
03-09-2016,608.6888,9448393430,561496914.8
04-09-2016,606.6438,9647700437,884434073.9
05-09-2016,610.6838,9616262727,618185193
06-09-2016,614.3264886,9681336387,560341026.7
07-09-2016,625.4675,9740198080,597124132.7
08-09-2016,621.9125,9917920560,1600702239
09-09-2016,623.0588,9862631721,850137524.8
10-09-2016,605.3154152,9881939361,586796232.5
11-09-2016,605.8312052,9601743135,1228662231
12-09-2016,606.645,9611117069,973866198.7
13-09-2016,608.425,9625199431,699782155.3
14-09-2016,605.5838,9654573080,619105286
15-09-2016,606.5533659,9610607639,549080254.7
16-09-2016,605.3438,9627042762,546585886.1
17-09-2016,608.795,9609021664,531090439.8
18-09-2016,608.6176343,9664864143,1306045902
19-09-2016,607.7688126,9663034352,1272958790
20-09-2016,595.8402492,9650615110,953214316.4
21-09-2016,594.9588,9462412680,1589139471
22-09-2016,601.8925,9449414102,994983745.5
23-09-2016,601.2725,9560527882,1471656057
24-09-2016,599.3113,9551877467,1136053862
25-09-2016,606.0970645,9522044920,1074112053
26-09-2016,604.2075,9630957512,1917754354
27-09-2016,603.555,9602128428,1448434854
28-09-2016,604.6375,9592874199,1023325385
29-09-2016,608.2575,9611116960,1291135796
30-09-2016,614.0598845,9669703048,1177411408
01-10-2016,610.3588,9763087935,1673872374
02-10-2016,611.9609027,9705298189,1018352267
03-10-2016,609.2425,9731860021,767820467
04-10-2016,611.6363,9689785072,817050996.3
05-10-2016,610.98,9729061309,915039145.9
06-10-2016,616.2188,9719787550,714618920.4
07-10-2016,616.5338,9804216114,1104537956
08-10-2016,614.6238,9810492981,793016113.8
09-10-2016,614.3138,9781273121,901840112.4
10-10-2016,640.7,9777010536,1274169413
11-10-2016,635.6163,10198278180,2996984110
12-10-2016,634.6223388,10118464866,2475619341
13-10-2016,638.18,10103624254,2099764691
14-10-2016,637.2088,10161283203,1671558094
15-10-2016,640.1863,10146912931,1644480562
16-10-2016,637.4825,10195309967,1454057375
17-10-2016,635.465,10153229676,1187159913
18-10-2016,628.4375,10122263522,2024277148
19-10-2016,628.5425,10011295943,1955775380
20-10-2016,629.7188,10013934082,1803186001
21-10-2016,652.0875,10033936840,1283400177
22-10-2016,649.6263,10391486424,3522949283
23-10-2016,648.7663,10353442543,3643525163
24-10-2016,652.6338,10340849545,3212766801
25-10-2016,673.4175,10403520542,2499429907
26-10-2016,683.3725,10735427841,4850797703
27-10-2016,687.5588,10896021892,5041475157
28-10-2016,715.4103243,10963463345,5069538566
29-10-2016,697.2773625,11409389607,6838400543
30-10-2016,698.5763,11121149987,5824289996
31-10-2016,729.205,11143032476,6861251336
01-11-2016,734.1638,11633474056,5882440879
02-11-2016,686.0613,11713747882,4549460043
03-11-2016,702.11,10947521328,10469111039
04-11-2016,704.0225,11204614010,5929334121
05-11-2016,712.1263,11236368065,2146200088
06-11-2016,706.0925,11367022668,2676516224
07-11-2016,708.94,11271922276,3299753094
08-11-2016,721.1775,11318680822,3071821253
09-11-2016,713.2141433,11515479618,4364284008
10-11-2016,715.6425,11389753142,3237455966
11-11-2016,703.76,11429941440,3576474208
12-11-2016,702.346317,11241603256,6291883754
13-11-2016,705.55,11220193118,3720281493
14-11-2016,712.1588998,11279469101,5335752435
15-11-2016,740.8993549,11386521351,7530105089
16-11-2016,738.48,11847684539,9936150861
17-11-2016,748.4263,11810455254,5475859343
18-11-2016,750.4100481,11970910273,3987706065
19-11-2016,728.3713,12003962099,3235133019
20-11-2016,736.505,11652611522,5039283040
21-11-2016,748.1225,11783996775,3192815797
22-11-2016,741.1662465,11971109864,3267220914
23-11-2016,736.7486937,11861151745,3775381683
24-11-2016,738.2039432,11791975961,3798900330
25-11-2016,732.7338,11816670435,2481664642
26-11-2016,727.7575,11730463633,2391921659
27-11-2016,731.8424614,11652161720,2688074106
28-11-2016,731.81,11719038708,2451726074
29-11-2016,742.3588,11719891046,1904325476
30-11-2016,753.055,11890119633,4489070915
01-12-2016,771.1713,12062849170,5522487160
02-12-2016,764.8338233,12354385552,4613958358
03-12-2016,766.3688,12254501750,2869024714
04-12-2016,752.24,12280532758,3517012112
05-12-2016,758.6925,12055567494,3552862905
06-12-2016,763.915,12160418227,3256985152
07-12-2016,768.675,12245767527,2603948961
08-12-2016,769.8413,12323570552,2683311953
09-12-2016,773.1262934,12343519928,3111825855
10-12-2016,768.2325,12397466678,6551233316
11-12-2016,778.4323012,12320826025,5508375144
12-12-2016,778.215,12485927227,6313690794
13-12-2016,775.8913,12484153824,2821130580
14-12-2016,775.5725,12444714534,1558761071
15-12-2016,781.3375,12444351602,1345904094
16-12-2016,788.8775,12538210372,1764681181
17-12-2016,788.4413,12660596388,1759607152
18-12-2016,790.1163,12654965391,1469513205
19-12-2016,799.7213,12683371140,1102832367
20-12-2016,826.6207679,12838925681,1894271980
21-12-2016,859.3663,13272429705,6050784066
22-12-2016,917.0988,13799864747,7952522425
23-12-2016,891.6813,14728698438,5647399306
24-12-2016,894.3371332,14322006704,4642138992
25-12-2016,902.6063,14366519915,4022250326
26-12-2016,929.115,14501002034,4809313198
27-12-2016,977.14,14928671402,4597863955
28-12-2016,971.7213,15702309527,4906008702
29-12-2016,960.925,15617018873,3796961161
30-12-2016,966.5689709,15445427988,4380999912
31-12-2016,998.05,15537921941,3381572989
01-01-2017,1019.1988,16045986193,3470830330
02-01-2017,1035.5313,16387926825,4444828109
03-01-2017,1130.849516,16652715383,4399421327
04-01-2017,990.6675,18187664240,8705359110
05-01-2017,894.0325,15934886737,12102750397
06-01-2017,900.0788,14382278477,10713248032
07-01-2017,908.085,14481153594,7496626398
08-01-2017,901.878888,14611836820,4735054808
09-01-2017,905.7594627,14513519375,4072687735
10-01-2017,784.2775,14577733898,3216810929
11-01-2017,799.4275,12624083565,5258603516
12-01-2017,824.4988,12869633173,3344901198
13-01-2017,817.825,13274790986,1860269657
14-01-2017,821.9125,13169067954,1204479772
15-01-2017,828.31,13236623006,923896735.4
16-01-2017,904.1525,13341392032,831361487.5
17-01-2017,873.935,14564800038,1316827457
18-01-2017,896.89,14079682756,1147970282
19-01-2017,891.4588,14451431614,875858520.4
20-01-2017,919.6775,14366002978,613796288.1
21-01-2017,918.778812,14822821175,683491208.3
22-01-2017,918.9075,14810403902,830201798.2
23-01-2017,885.7888,14814052398,467022882.9
24-01-2017,893.4738,14281760610,378666162.6
25-01-2017,915.36,14407365094,381951425.9
26-01-2017,918.2875,14762033604,58349366.78
27-01-2017,920.245,14811184893,49029317.21
28-01-2017,914.1425,14844529150,21882209.49
29-01-2017,920.9911459,14747986190,20288320.82
30-01-2017,968.2663,14860100040,30166025.4
31-01-2017,986.5728903,15624634422,101775253.2
01-02-2017,1008.403318,15922459702,92784081.55
02-02-2017,1015.4425,16276789220,93269627.17
03-02-2017,1033.63,16392262891,138411478.2
04-02-2017,1016.926159,16687723783,99014097.14
05-02-2017,1024.511089,16420090078,75284571.16
06-02-2017,1051.5,16544150319,73413586.5
07-02-2017,1055.3013,16981015238,89525304.92
08-02-2017,981.705,17045265644,164316931.4
09-02-2017,992.1113,15858560741,333977588.2
10-02-2017,1010.9463,16028562068,155061226.9
11-02-2017,1000.523769,16334579163,61189139.08
12-02-2017,996.1039359,16167938834,36448049.45
13-02-2017,1010.102162,16098583565,75754126.52
14-02-2017,1008.8813,16326912556,79285701.7
15-02-2017,1034.9038,16308969767,38397960.04
16-02-2017,1056.558091,16731535007,66797083.39
17-02-2017,1058.580931,17083619844,93994063.11
18-02-2017,1053.5025,17118312230,55001149.21
19-02-2017,1082.016823,17037979882,37478366.7
20-02-2017,1125.408815,17500458952,55971656.68
21-02-2017,1123.305,18202277765,157173668.2
22-02-2017,1185.654785,18168250822,99272532.8
23-02-2017,1180.871,19176691563,132273779.1
24-02-2017,1149.403678,19108706913,303444815.4
25-02-2017,1180.673,18601876715,118187068.1
26-02-2017,1193.129515,19110682514,89353606.54
27-02-2017,1190.331,19314424735,87503104.9
28-02-2017,1227.477149,19271383899,139855221.8
01-03-2017,1262.081,19875003127,105587214.8
02-03-2017,1289.540612,20437807787,174318244.9
03-03-2017,1268.814532,20884867166,152484577.4
04-03-2017,1276.233,20551257964,121628868
05-03-2017,1280.986,20673857896,62090177.88
06-03-2017,1233.056508,20753062038,65232264.87
07-03-2017,1149.631,19978921138,213974224.5
08-03-2017,1191.236722,18629281762,248575333.4
09-03-2017,1100.01059,19305673114,149501332.4
10-03-2017,1181.204123,17829356646,417086882.9
11-03-2017,1230.56,19147525541,169071412.5
12-03-2017,1243.264922,19950023304,104613431.4
13-03-2017,1246.556739,20158188044,131403644.1
14-03-2017,1258.457,20214039432,86807305.13
15-03-2017,1217.314541,20409261729,72763975.29
16-03-2017,1074.09387,19743578283,137592935.4
17-03-2017,961.962,17423426593,283988947.7
18-03-2017,1023.490101,15606390507,342885275
19-03-2017,1036.332012,16606689806,177388243.2
20-03-2017,1112.701532,16816818648,101975751.4
21-03-2017,1039.840173,18058074337,150015664.6
22-03-2017,1029.139414,16877645842,188848065.4
23-03-2017,940.0206266,16705852354,82048831.98
24-03-2017,965.2650627,15261293153,161801850.3
25-03-2017,954.47666,15672767506,190451071.3
26-03-2017,1042.605073,15499531724,130490540.4
27-03-2017,1044.722,16932388063,138288339
28-03-2017,1038.617198,16968792613,127643560.3
29-03-2017,1031.492906,16871375654,121169066.5
30-03-2017,1078.274711,16757840044,102438849.9
31-03-2017,1085.253,17519577833,133287124.4
01-04-2017,1098.068,17634831647,87750426.9
02-04-2017,1139.308275,21833808421,80231506.35
03-04-2017,1140.49759,18517903140,131765236
04-04-2017,1132.339905,18539058630,108222974.3
05-04-2017,1194.211,18408732920,87439620.02
06-04-2017,1189.775124,19416796070,128309277.2
07-04-2017,1182.271,19347052264,90840184.05
08-04-2017,1187.699,19227110120,43899666.21
09-04-2017,1210.515,19316186631,41151425.52
10-04-2017,1226.618,19691023825,76050218.06
11-04-2017,1218.299,19955556307,78899688.76
12-04-2017,1174.209,19822303422,83573376.82
13-04-2017,1183.687,19106860359,131395672.1
14-04-2017,1180.323,19263144685,92892227.9
15-04-2017,1186.31,19210567707,53325277
16-04-2017,1205.143,19310204918,36294382.38
17-04-2017,1217.58,19618884440,83379623.41
18-04-2017,1225.721,19823480859,85025813.9
19-04-2017,1253.904,19958292471,71343829.94
20-04-2017,1254.9875,20419371473,112476255.6
21-04-2017,1249.67,20439557227,91517340.72
22-04-2017,1247.8388,20355249795,84061246.82
23-04-2017,1249.9563,20327793188,84420564.21
24-04-2017,1263.045,20364256791,70514448.3
25-04-2017,1287.32,20579834197,93017240.9
26-04-2017,1331.3125,20977699423,121914930.8
27-04-2017,1321.205,21697132034,134993633.4
28-04-2017,1327.6863,21534600390,161417797.4
29-04-2017,1349.8863,21643161383,86320647.34
30-04-2017,1408.445,22007601315,86247238.96
01-05-2017,1442.245,22964730936,217759983.7
02-05-2017,1485.8175,23518941608,189160669.7
03-05-2017,1499.36,24231937589,206154588.9
04-05-2017,1506.0438,24455911024,335017412.6
05-05-2017,1547.815,24567395211,324314593
06-05-2017,1557.8838,25252078564,135507234.1
07-05-2017,1633.38,25419561547,149859388.4
08-05-2017,1700.1775,26655087386,276144904.9
09-05-2017,1747.3175,27748404857,383922543.3
10-05-2017,1808.7788,28521047691,288565639.4
11-05-2017,1700.7725,29527250348,313353159.7
12-05-2017,1751.73,27767470034,248020430.2
13-05-2017,1767.7088,28602793980,246696636.6
14-05-2017,1696.13,28867391788,124978733
15-05-2017,1716.315,27702000822,231039670.3
16-05-2017,1804.4513,28034610161,218205145.7
17-05-2017,1889.4088,29477763647,271656160.4
18-05-2017,1972.9013,30868475119,230137778.8
19-05-2017,2043.42,32237082949,279848678.1
20-05-2017,2053.8788,33393518555,274198303.3
21-05-2017,2109.3963,33568054937,264478153.8
22-05-2017,2292.7025,34479453631,580030832.8
23-05-2017,2448.1313,37479380943,389402023.7
24-05-2017,2366.9725,40025140034,555024432.8
25-05-2017,2262.36,38704024228,889791512.3
26-05-2017,2082.845,36997900173,716011544
27-05-2017,2219.4875,34066387967,683119789.1
28-05-2017,2286.2663,36305932628,401864331.3
29-05-2017,2167.6438,37402630788,312368211.9
30-05-2017,2329.0775,35466825282,335746190.7
31-05-2017,2436.0363,38113024210,416350458.7
01-06-2017,2514.2275,39868442922,438586633.5
02-06-2017,2562.54,41152717324,292795886.9
03-06-2017,2556.405,41949676689,304803966.2
04-06-2017,2721.5525,41854068528,254469613.9
05-06-2017,2903.4438,44563721217,334411829.5
06-06-2017,2716.0588,47547556371,1211604496
07-06-2017,2824.2038,44484425844,717931660.8
08-06-2017,2817.0638,46261410001,580940070.4
09-06-2017,2937.4538,46149913864,393210044.7
10-06-2017,3013.7138,48127389932,354694237.4
11-06-2017,2701.255,49382412955,350197483.3
12-06-2017,2736.1888,44267424095,792436484.8
13-06-2017,2503.401273,44844697933,410084483.7
14-06-2017,2444.493712,41033780986,565476421.8
15-06-2017,2513.810348,40072859209,845674827.7
16-06-2017,2683.571344,41213920650,404682134.6
17-06-2017,2577.219361,44001982614,386716359.4
18-06-2017,2620.136451,42262755912,320439362.7
19-06-2017,2777.792656,42971547871,307738404.8
20-06-2017,2717.003108,45561980142,461719561.5
21-06-2017,2724.912213,44569583132,447106675.8
22-06-2017,2737.746231,44703988751,273815444.5
23-06-2017,2618.416736,44920255723,187781433.4
24-06-2017,2606.863235,42966679004,314564252.6
25-06-2017,2488.194163,42781394179,320081172
26-06-2017,2531.348999,40837922140,540038332.5
27-06-2017,2575.43777,41550828141,518735269.2
28-06-2017,2561.681435,42279511903,351206317.8
29-06-2017,2490.753488,42057301540,239853090.8
30-06-2017,2439.82056,40897674122,210111037.8
01-07-2017,2518.545694,40066457532,207555417.5
02-07-2017,2576.714657,41365191379,226784228.6
03-07-2017,2610.997575,42326047726,304599469.9
04-07-2017,2607.219302,42894251457,274900590.6
05-07-2017,2612.670428,42836970322,238310795.5
06-07-2017,2509.21821,42931269844,175365965
07-07-2017,2563.195514,41236052947,260711000.7
08-07-2017,2519.217392,42128232902,178182801.7
09-07-2017,2363.515682,41409824820,117876420.6
10-07-2017,2353.910661,38856285255,387541497.1
11-07-2017,2387.328912,38703498121,420715282.4
12-07-2017,2364.321266,39258160521,314834432.8
13-07-2017,2228.728791,38884514157,233041527.7
14-07-2017,2033.291088,36658380772,320113442
15-07-2017,1927.099066,33447052810,463942211.4
16-07-2017,2181.286081,31704152053,480771847.6
17-07-2017,2303.889355,35890008657,495170862.9
18-07-2017,2274.621365,37911881678,729320057.5
19-07-2017,2766.825119,37434637985,577643323.8
20-07-2017,2658.074912,45540558048,1277986818
21-07-2017,2802.347887,43755767266,856653849.5
22-07-2017,2731.604007,46136314315,631346052.4
23-07-2017,2751.34707,44977531724,532874222.8
24-07-2017,2563.747895,45308735083,356970178.1
25-07-2017,2507.389685,42223997194,793382308.1
26-07-2017,2649.441201,41300436594,583046427.1
27-07-2017,2798.829313,43645402712,438390969.6
28-07-2017,2720.102263,46111586171,1248796319
29-07-2017,2740.323592,44819837646,862355190.6
30-07-2017,2871.368015,45158066502,373175816.2
31-07-2017,2737.763792,47322548226,438125892.5
01-08-2017,2697.850902,45126045891,745400937.1
02-08-2017,2777.367994,44473195323,412594211
03-08-2017,2845.897162,45788833024,339104668.2
04-08-2017,3237.070695,46925073393,368080367.5
05-08-2017,3189.732453,53382167034,1066264902
06-08-2017,3356.709738,52607099482,489419318.3
07-08-2017,3410.45008,55367416610,695546889.1
08-08-2017,3330.897825,56260701200,803019985.2
09-08-2017,3367.905387,54954274834,638922625.1
10-08-2017,3562.587663,55570438887,424604065.3
11-08-2017,3800.140625,58788973716,641330314.4
12-08-2017,4023.254522,62715286393,988460078.2
13-08-2017,4175.695291,66405071142,1549520790
14-08-2017,4149.308759,68927834713,1089626077
15-08-2017,4262.558791,68500212180,1908427436
16-08-2017,4286.917435,70376601817,1755705435
17-08-2017,4097.685802,70778773054,1774245121
18-08-2017,4115.211988,67671539511,1515069152
19-08-2017,4001.228632,67968693045,1710080500
20-08-2017,3935.229933,66092742689,551798952
21-08-2017,4008.416685,65008176479,712634899.4
22-08-2017,4069.080239,66221496791,1402352817
23-08-2017,4167.289177,67231683430,801748251
24-08-2017,4199.892032,68859869629,686855777.3
25-08-2017,4123.513371,69403950803,689332055.1
26-08-2017,4116.468739,68147140643,401970264.2
27-08-2017,4216.242773,68038485483,348607397.4
28-08-2017,4394.063436,69694649044,652038444.5
29-08-2017,4553.806527,72641940496,864725915.1
30-08-2017,4702.938163,75292523275,674336659.5
31-08-2017,4863.193049,77767841900,675647444.7
01-09-2017,4556.597777,80428274476,909131411.6
02-09-2017,4632.462331,75367266379,1475097323
03-09-2017,4317.185188,76631058146,1007165501
04-09-2017,4447.875592,71425022760,1554585274
05-09-2017,4592.250278,73598219046,1626968193
06-09-2017,4584.820275,75996461011,1060025862
07-09-2017,4285.207939,75883474995,669892692.7
08-09-2017,4245.607341,70933796921,1477975498
09-09-2017,4132.664642,70287354162,787822375.7
10-09-2017,4164.976212,68424784707,997139675.4
11-09-2017,4130.956285,68968724069,771493043.4
12-09-2017,3883.652001,68415142332,1062536774
13-09-2017,3100.668155,64328714659,1545425745
14-09-2017,3587.943122,51366093442,1950938472
15-09-2017,3606.275197,59446207725,3308099534
16-09-2017,3553.432316,59757602842,1399781741
17-09-2017,4012.285825,58889832717,846880197.9
18-09-2017,3898.934732,66500676482,1282809663
19-09-2017,3858.020951,64629619386,942656241.4
20-09-2017,3628.058588,63957210363,676074373.2
21-09-2017,3622.183039,60152757874,913652257.3
22-09-2017,3763.411406,60061814860,767837732.8
23-09-2017,3672.30508,62411285738,578068211.8
24-09-2017,3866.705153,60907151775,429544014.4
25-09-2017,3852.935205,64137374772,800311260.8
26-09-2017,4134.212415,63915425115,544391497.6
27-09-2017,4134.884951,68589320813,936452128.6
28-09-2017,4130.415246,68609525757,852500405.4
29-09-2017,4297.79117,68544241007,829225349.4
30-09-2017,4347.578735,71329258156,720251083
01-10-2017,4383.325497,72162524814,682387248.1
02-10-2017,4319.069212,72763860755,738468959
03-10-2017,4231.464187,71707074499,760685985.7
04-10-2017,4290.380404,70259971868,573368922.9
05-10-2017,4347.54724,71244448103,713160614.1
06-10-2017,4405.016201,72202651601,623863525.1
07-10-2017,4562.321931,73165830198,468192424.4
08-10-2017,4758.72165,75788890435,771225396.3
09-10-2017,4769.477347,79061044586,1128809803
10-10-2017,4807.925895,79249573591,1134289150
11-10-2017,5331.619302,79896727839,836737765.8
12-10-2017,5610.493162,88609513441,2084912155
13-10-2017,5679.216222,93253757323,3174154333
14-10-2017,5684.047104,94406037194,2311782992
15-10-2017,5728.932751,94500193338,1665374311
16-10-2017,5643.859077,95258545426,1060235880
17-10-2017,5592.782224,93855824390,1106795867
18-10-2017,5696.380141,93017336299,2100240730
19-10-2017,5952.771359,94752516352,1229468606
20-10-2017,6043.966731,99030673397,1843078157
21-10-2017,6003.464019,1.01E+11,1763987337
22-10-2017,5959.983041,99899292228,1799855390
23-10-2017,5550.081585,99188570754,2039339671
24-10-2017,5704.874807,92378194194,2240037527
25-10-2017,5883.053184,94967978387,1621897626
26-10-2017,5775.516665,97947023065,1501048614
27-10-2017,5734.307454,96164443214,1332315431
28-10-2017,6123.549771,95484533855,892992277.1
29-10-2017,6104.388709,1.02E+11,1942980853
30-10-2017,6368.651641,1.02E+11,1307795535
31-10-2017,6714.788987,1.06E+11,1800486324
01-11-2017,7059.793861,1.12E+11,2095690343
02-11-2017,7234.738382,1.18E+11,4363333286
03-11-2017,7390.535227,1.21E+11,2826731065
04-11-2017,7416.267951,1.23E+11,2043449643
05-11-2017,7103.046081,1.24E+11,1942850009
06-11-2017,7166.741372,1.18E+11,2653734035
07-11-2017,7461.824435,1.19E+11,1829995407
08-11-2017,7186.292775,1.24E+11,3478638875
09-11-2017,6656.839694,1.20E+11,2330693501
10-11-2017,6365.397852,1.11E+11,3886426126
11-11-2017,5866.513129,1.06E+11,3148369501
12-11-2017,6423.091402,97832172888,6001017947
13-11-2017,6652.21678,1.07E+11,4636291556
14-11-2017,7297.668836,1.11E+11,1824550615
15-11-2017,7814.944404,1.22E+11,2935591360
16-11-2017,7783.542465,1.30E+11,3413089663
17-11-2017,7827.631469,1.30E+11,3245859431
18-11-2017,8011.14743,1.31E+11,2227536660
19-11-2017,8220.509966,1.34E+11,1572771189
20-11-2017,8114.13368,1.37E+11,1706394366
21-11-2017,8257.123895,1.35E+11,2901936853
22-11-2017,8117.664348,1.38E+11,1528137247
23-11-2017,8278.128436,1.36E+11,1550586715
24-11-2017,8743.159378,1.38E+11,2135298893
25-11-2017,9342.988641,1.46E+11,2124257199
26-11-2017,9831.40293,1.56E+11,3493015607
27-11-2017,10257.06742,1.64E+11,3629754500
28-11-2017,9875.892308,1.71E+11,3453118782
29-11-2017,10406.18772,1.65E+11,10258439068
30-11-2017,10995.72355,1.74E+11,7443964833
01-12-2017,11162.54503,1.84E+11,5021611420
02-12-2017,11256.70183,1.87E+11,3178820955
03-12-2017,11634.98496,1.88E+11,5761492456
04-12-2017,12174.25374,1.95E+11,3216349724
05-12-2017,13876.47358,2.04E+11,3131952574
06-12-2017,18491.18155,2.32E+11,5086411370
07-12-2017,16908.00495,3.09E+11,16482921408
08-12-2017,15266.42639,2.83E+11,24144297784
09-12-2017,15808.5099,2.55E+11,7307194000
10-12-2017,17106.50515,2.65E+11,10474626173
11-12-2017,17249.92021,2.86E+11,7710546750
12-12-2017,16525.04449,2.89E+11,4686094940
13-12-2017,16865.36166,2.77E+11,4407769522
14-12-2017,17978.63056,2.82E+11,4117594354
15-12-2017,19665.39493,3.01E+11,6146229229
16-12-2017,19423.58015,3.29E+11,5116192713
17-12-2017,19188.05396,3.25E+11,4251128480
18-12-2017,18174.18676,3.21E+11,5411492205
19-12-2017,17059.88835,3.04E+11,6141309845
20-12-2017,16355.23823,2.86E+11,7509260354
21-12-2017,14084.82493,2.74E+11,5580926437
22-12-2017,15241.91647,2.36E+11,12164204097
23-12-2017,14451.11455,2.55E+11,5076754666
24-12-2017,14302.75371,2.42E+11,4129411908
25-12-2017,16616.68206,2.40E+11,2485439207
26-12-2017,16373.08108,2.79E+11,4255570626
27-12-2017,15067.8995,2.75E+11,4950722889
28-12-2017,15096.55944,2.53E+11,5266566468
29-12-2017,13620.36187,2.53E+11,3753038184
30-12-2017,14839.59079,2.28E+11,3600481281
31-12-2017,14093.60683,2.49E+11,2921202870
01-01-2018,15321.93285,2.36E+11,2345478674
02-01-2018,15583.88554,2.57E+11,4130217904
03-01-2018,15976.36519,2.62E+11,3310355625
04-01-2018,18336.92298,2.68E+11,4217387188
05-01-2018,18343.66249,3.08E+11,6275687596
06-01-2018,17039.87391,3.08E+11,4240919831
07-01-2018,15900.36502,2.86E+11,3044989247
08-01-2018,15604.72341,2.67E+11,5752981090
09-01-2018,15509.27013,2.62E+11,4214092202
10-01-2018,14050.56961,2.60E+11,4969472883
11-01-2018,14759.29463,2.36E+11,5833888113
12-01-2018,15193.3149,2.48E+11,4021952803
13-01-2018,14476.58897,2.55E+11,3134247725
14-01-2018,14411.99771,2.43E+11,3336056551
15-01-2018,11723.91352,2.42E+11,3222958351
16-01-2018,11415.39284,1.97E+11,9677283153
17-01-2018,11569.42499,1.92E+11,10225958521
18-01-2018,11758.46933,1.94E+11,6558304864
19-01-2018,13260.27119,1.98E+11,4208563477
20-01-2018,11703.50486,2.23E+11,4520485016
21-01-2018,10991.59501,1.97E+11,4319501969
22-01-2018,10894.00091,1.85E+11,5012581424
23-01-2018,11277.11597,1.83E+11,4779406611
24-01-2018,11225.25446,1.90E+11,3582338296
25-01-2018,11044.90724,1.89E+11,3204496193
26-01-2018,11456.21351,1.86E+11,4616389063
27-01-2018,11665.69693,1.93E+11,2894314081
28-01-2018,11157.66389,1.96E+11,2682886341
29-01-2018,11095.21069,1.88E+11,2345235501
30-01-2018,9989.689777,1.87E+11,2321424680
31-01-2018,10158.99893,1.68E+11,3804947187
01-02-2018,8848.531968,1.71E+11,3092040553
02-02-2018,8729.492902,1.49E+11,4720684845
03-02-2018,9080.679896,1.47E+11,6689345041
04-02-2018,8177.087555,1.53E+11,3406201459
05-02-2018,6925.040946,1.38E+11,3313033449
06-02-2018,7579.120332,1.17E+11,5582367004
07-02-2018,7730.536892,1.28E+11,8952081763
08-02-2018,8133.015168,1.30E+11,4895473675
09-02-2018,8805.816032,1.37E+11,3059591946
10-02-2018,8420.433356,1.48E+11,3047462861
11-02-2018,8260.315928,1.42E+11,3261353891
12-02-2018,8828.990561,1.39E+11,2843546022
13-02-2018,8560.607356,1.49E+11,3059037320
14-02-2018,9433.205899,1.44E+11,2478558483
15-02-2018,10131.70044,1.59E+11,3327769003
16-02-2018,10349.90853,1.71E+11,4321816582
17-02-2018,11047.76814,1.75E+11,3125399585
18-02-2018,10447.04345,1.86E+11,3847099681
19-02-2018,11348.99713,1.76E+11,4669569838
20-02-2018,11277.80759,1.92E+11,3639169492
21-02-2018,10581.10822,1.90E+11,4531927489
22-02-2018,9814.519272,1.79E+11,4813845473
23-02-2018,10435.81928,1.66E+11,4554188982
24-02-2018,9738.318067,1.76E+11,3909863447
25-02-2018,9639.228964,1.64E+11,3457904181
26-02-2018,10305.38589,1.63E+11,2706147441
27-02-2018,10625.34429,1.74E+11,3648353237
28-02-2018,10261.50549,1.79E+11,3359853027
01-03-2018,10849.82056,1.73E+11,3200890708
02-03-2018,11062.39382,1.83E+11,2875106850
03-03-2018,11352.95154,1.87E+11,3320799784
04-03-2018,11314.81354,1.92E+11,3201216698
05-03-2018,11368.81069,1.91E+11,2642058868
06-03-2018,10767.70297,1.92E+11,2816161379
07-03-2018,9973.336715,1.82E+11,3633104038
08-03-2018,9419.855891,1.69E+11,5246791361
09-03-2018,9359.038686,1.59E+11,4077210410
10-03-2018,8880.456837,1.58E+11,5945062574
11-03-2018,9525.646586,1.50E+11,3214064512
12-03-2018,9213.205767,1.61E+11,3880035080
13-03-2018,9220.461049,1.56E+11,4012396234
14-03-2018,8306.861715,1.56E+11,3587670616
15-03-2018,8339.352477,1.41E+11,4064095761
16-03-2018,8348.306114,1.41E+11,4523542417
17-03-2018,7920.304724,1.41E+11,3083070143
18-03-2018,8243.89842,1.34E+11,2584635874
19-03-2018,8678.784479,1.40E+11,4366306220
20-03-2018,8953.020907,1.47E+11,4296599594
21-03-2018,8966.807278,1.52E+11,3549284525
22-03-2018,8739.386824,1.52E+11,3075641693
23-03-2018,8898.325984,1.48E+11,2931275913
24-03-2018,8598.272564,1.51E+11,2944970524
25-03-2018,8474.959563,1.46E+11,2437089542
26-03-2018,8175.364122,1.44E+11,2033702919
27-03-2018,7840.975532,1.39E+11,2973088845
28-03-2018,7936.92061,1.33E+11,2669226325
29-03-2018,7115.053067,1.34E+11,2026726518
30-03-2018,6892.948798,1.21E+11,3687408886
31-03-2018,6983.834903,1.17E+11,4257656290
01-04-2018,6851.562632,1.18E+11,2570269141
02-04-2018,7082.967051,1.16E+11,2653321043
03-04-2018,7460.389865,1.20E+11,2263546665
04-04-2018,6838.149972,1.27E+11,2757038865
05-04-2018,6827.653912,1.16E+11,2539382814
06-04-2018,6634.264226,1.16E+11,2560765826
07-04-2018,6888.515248,1.13E+11,1838769010
08-04-2018,6989.741347,1.17E+11,1856372076
09-04-2018,6797.356382,1.19E+11,1415510305
10-04-2018,6835.929189,1.15E+11,2449893657
11-04-2018,6923.052947,1.16E+11,1535934453
12-04-2018,7832.385064,1.17E+11,1594899168
13-04-2018,7843.11698,1.33E+11,4977460182
14-04-2018,7904.25377,1.33E+11,3906522804
15-04-2018,8258.278719,1.34E+11,2292557974
16-04-2018,8034.74084,1.40E+11,2351680931
17-04-2018,7873.299352,1.36E+11,2751175167
18-04-2018,8100.756507,1.34E+11,2490587311
19-04-2018,8272.290163,1.38E+11,2329846332
20-04-2018,8574.554111,1.41E+11,2420862918
21-04-2018,8885.452355,1.46E+11,494566642.9
22-04-2018,8761.386536,1.51E+11,3233336288
23-04-2018,8878.522088,1.49E+11,2486793047
24-04-2018,9669.393275,1.51E+11,2212288512
25-04-2018,8842.480708,1.64E+11,4413125609
26-04-2018,9220.551632,1.50E+11,5526211314
27-04-2018,8913.168959,1.57E+11,3844256439
28-04-2018,9251.134716,1.52E+11,2841974117
29-04-2018,9325.345749,1.57E+11,2992177514
30-04-2018,9199.817012,1.59E+11,2829295552
01-05-2018,9019.47688,1.56E+11,2508795842
02-05-2018,9128.793171,1.53E+11,2659793538
03-05-2018,9535.354368,1.55E+11,2179053770
04-05-2018,9623.996478,1.62E+11,1223787797
05-05-2018,9769.139928,1.64E+11,2666625391
06-05-2018,9586.307519,1.66E+11,2609550449
07-05-2018,9322.082512,1.63E+11,2622671635
08-05-2018,9124.266047,1.59E+11,2773990862
09-05-2018,9245.070314,1.55E+11,2443194595
10-05-2018,8973.46103,1.57E+11,2360547859
11-05-2018,8396.68373,1.53E+11,2365729274
12-05-2018,8476.534443,1.43E+11,3729395913
13-05-2018,8693.623547,1.44E+11,2986471681
14-05-2018,8691.514677,1.48E+11,2286633498
15-05-2018,8463.393888,1.48E+11,3142935873
16-05-2018,8339.083196,1.44E+11,2583758769
17-05-2018,8042.013311,1.42E+11,2771783931
18-05-2018,8204.126598,1.37E+11,2167833264
19-05-2018,8172.036131,1.40E+11,2121725516
20-05-2018,8446.103775,1.39E+11,1670434743
21-05-2018,8355.884042,1.44E+11,1653044356
22-05-2018,8005.221971,1.42E+11,1711924672
23-05-2018,7551.334473,1.36E+11,1896737960
24-05-2018,7575.391041,1.29E+11,2774548300
25-05-2018,7470.868624,1.29E+11,2608908364
26-05-2018,7333.886339,1.27E+11,1954821353
27-05-2018,7331.236873,1.25E+11,1288529101
28-05-2018,7111.877058,1.25E+11,1247718121
29-05-2018,7458.717359,1.21E+11,1771222259
30-05-2018,7376.903371,1.27E+11,2226498293
31-05-2018,7462.909404,1.26E+11,1772302966
01-06-2018,7484.719811,1.27E+11,1714069236
02-06-2018,7566.754072,1.28E+11,1633772040
03-06-2018,7646.944099,1.29E+11,1531778930
04-06-2018,7459.959694,1.31E+11,1435878976
05-06-2018,7576.784802,1.27E+11,1641809860
06-06-2018,7605.673681,1.29E+11,1755701627
07-06-2018,7620.895217,1.30E+11,1560022505
08-06-2018,7563.120204,1.30E+11,1462851965
09-06-2018,7387.038748,1.29E+11,1360418047
10-06-2018,6768.848828,1.26E+11,1144113183
11-06-2018,6879.909478,1.16E+11,2767425575
12-06-2018,6573.688622,1.18E+11,1970808706
13-06-2018,6333.074912,1.12E+11,2060039655
14-06-2018,6645.965496,1.08E+11,2566425189
15-06-2018,6397.045373,1.14E+11,2352978018
16-06-2018,6475.606777,1.09E+11,1744878093
17-06-2018,6417.717818,1.11E+11,1302192901
18-06-2018,6677.91848,1.10E+11,1117481498
19-06-2018,6712.058022,1.14E+11,1748333252
20-06-2018,6722.516259,1.15E+11,1651077563
21-06-2018,6681.675406,1.15E+11,1629751886
22-06-2018,6102.49089,1.14E+11,1395466002
23-06-2018,6172.726448,1.04E+11,2942694782
24-06-2018,6153.249726,1.06E+11,1631068269
25-06-2018,6250.122298,1.05E+11,2444991643
26-06-2018,6076.01444,1.07E+11,4339083496
27-06-2018,6120.769744,1.04E+11,3245909031
28-06-2018,5873.240499,1.05E+11,2051381935
29-06-2018,6181.72857,1.01E+11,1930160280
30-06-2018,6364.315216,1.06E+11,2333505331
01-07-2018,6311.148437,1.09E+11,2076530066
02-07-2018,6596.618535,1.08E+11,2593060649
03-07-2018,6500.690264,1.13E+11,3388462549
04-07-2018,6569.437931,1.11E+11,3015030797
05-07-2018,6540.670774,1.13E+11,3112048446
06-07-2018,6604.623527,1.12E+11,3317011266
07-07-2018,6755.839575,1.13E+11,4741759291
08-07-2018,6699.449318,1.16E+11,6058678094
09-07-2018,6648.876561,1.15E+11,5001446783
10-07-2018,6300.798853,1.14E+11,5244018182
11-07-2018,6369.447438,1.08E+11,4351285485
12-07-2018,6240.927374,1.09E+11,3919216357
13-07-2018,6222.721704,1.07E+11,3555216672
14-07-2018,6249.922818,1.07E+11,3920764094
15-07-2018,6357.364468,1.07E+11,3691101002
16-07-2018,6711.232071,1.09E+11,2848090527
17-07-2018,7300.005752,1.15E+11,4558282333
18-07-2018,7349.060297,1.25E+11,6147453805
19-07-2018,7443.76889,1.26E+11,4842513858
20-07-2018,7329.417799,1.28E+11,4095958262
21-07-2018,7379.328459,1.26E+11,3708778619
22-07-2018,7386.826674,1.27E+11,2876986081
23-07-2018,7698.901261,1.27E+11,5696887627
24-07-2018,8386.707524,1.32E+11,6181445479
25-07-2018,8146.018356,1.44E+11,5571334899
26-07-2018,7909.058821,1.40E+11,4050845500
27-07-2018,8154.083621,1.36E+11,3419298120
28-07-2018,8184.405209,1.40E+11,3631924930
29-07-2018,8190.456405,1.41E+11,3656313186
30-07-2018,8162.664552,1.41E+11,2602717382
31-07-2018,7735.291254,1.40E+11,3469357851
01-08-2018,7607.170736,1.33E+11,4667952661
02-08-2018,7539.928078,1.31E+11,11556488915
03-08-2018,7404.987714,1.30E+11,6814199272
04-08-2018,7010.738021,1.27E+11,5513369412
05-08-2018,7037.675392,1.21E+11,5937344465
06-08-2018,6928.149936,1.21E+11,5979899815
07-08-2018,6713.555227,1.19E+11,6930718915
08-08-2018,6292.295409,1.15E+11,7253599625
09-08-2018,6537.815324,1.08E+11,6826789984
10-08-2018,6180.862191,1.12E+11,5852840131
11-08-2018,6235.716493,1.06E+11,6743402390
12-08-2018,6353.803987,1.07E+11,5784894035
13-08-2018,6268.826742,1.09E+11,5461023307
14-08-2018,6215.988641,1.08E+11,5366961220
15-08-2018,6280.32136,1.07E+11,7192008756
16-08-2018,6313.682225,1.08E+11,6621242748
17-08-2018,6566.567698,1.09E+11,6003631478
18-08-2018,6381.721738,1.13E+11,6255324510
19-08-2018,6481.351593,1.10E+11,5607357684
20-08-2018,6241.908113,1.12E+11,5077424452
21-08-2018,6480.489196,1.07E+11,5581768296
22-08-2018,6361.743747,1.11E+11,5689267815
23-08-2018,6537.342275,1.09E+11,6876891249
24-08-2018,6682.961524,1.13E+11,5992698651
25-08-2018,6740.022306,1.15E+11,6922236522
26-08-2018,6685.846063,1.16E+11,5356171223
27-08-2018,6911.227816,1.15E+11,5209949019
28-08-2018,7072.719074,1.19E+11,5446087328
29-08-2018,7046.686189,1.22E+11,6226627384
30-08-2018,7023.591823,1.21E+11,5971532133
31-08-2018,7018.557945,1.21E+11,6589085933
01-09-2018,7211.052471,1.21E+11,6105274054
02-09-2018,7305.33997,1.24E+11,6246064590
03-09-2018,7260.020717,1.26E+11,6651249634
04-09-2018,7359.547464,1.25E+11,4509556915
05-09-2018,6632.13082,1.27E+11,5310224977
06-09-2018,6508.37329,1.14E+11,6973615221
07-09-2018,6430.134795,1.12E+11,6551022527
08-09-2018,6191.483176,1.10E+11,4458284994
09-09-2018,6261.689543,1.07E+11,3830815830
10-09-2018,6304.293678,1.08E+11,4174529436
11-09-2018,6285.496237,1.09E+11,4491626492
12-09-2018,6330.515825,1.08E+11,4939926064
13-09-2018,6491.983333,1.09E+11,5018125410
14-09-2018,6468.728355,1.12E+11,5224571591
15-09-2018,6518.480232,1.12E+11,5339219484
16-09-2018,6508.317904,1.13E+11,4451782845
17-09-2018,6246.014777,1.12E+11,4626288065
18-09-2018,6343.797443,1.08E+11,4579225849
19-09-2018,6410.308942,1.10E+11,4470547254
20-09-2018,6491.628809,1.11E+11,5396971781
21-09-2018,6765.777253,1.12E+11,5077203897
22-09-2018,6757.284043,1.17E+11,5922474524
23-09-2018,6706.559675,1.17E+11,5116730332
24-09-2018,6592.790914,1.16E+11,4319086418
25-09-2018,6443.17253,1.14E+11,4864769930
26-09-2018,6464.795051,1.11E+11,4588382775
27-09-2018,6705.080916,1.12E+11,3783501345
28-09-2018,6632.293515,1.16E+11,4702072556
29-09-2018,6595.665518,1.15E+11,3130558178
30-09-2018,6633.375874,1.14E+11,2298654562
01-10-2018,6598.871764,1.15E+11,1910405397
02-10-2018,6530.945405,1.14E+11,1908897966
03-10-2018,6499.07754,1.13E+11,2042303899
04-10-2018,6583.753967,1.12E+11,2240843117
05-10-2018,6618.323609,1.14E+11,2052965503
06-10-2018,6591.230123,1.15E+11,1823214128
07-10-2018,6610.273496,1.14E+11,1459408065
08-10-2018,6652.02668,1.14E+11,1507369966
09-10-2018,6633.704623,1.15E+11,2131178278
10-10-2018,6575.920112,1.15E+11,1738073320
11-10-2018,6221.579547,1.14E+11,2075963025
12-10-2018,6277.33056,1.08E+11,3570015678
13-10-2018,6312.791211,1.09E+11,2288686663
14-10-2018,6308.379842,1.09E+11,1844360604
15-10-2018,6641.163627,1.10E+11,1950353047
16-10-2018,6626.693911,1.15E+11,6201382569
17-10-2018,6639.503622,1.15E+11,2740001999
18-10-2018,6517.88578,1.15E+11,2807964264
19-10-2018,6478.33753,1.13E+11,2623093484
20-10-2018,6532.021509,1.12E+11,2647686371
21-10-2018,6526.230877,1.13E+11,2335044510
22-10-2018,6516.54466,1.13E+11,2127839781
23-10-2018,6473.977165,1.13E+11,2660083548
24-10-2018,6483.259099,1.12E+11,2786279834
25-10-2018,6459.076159,1.12E+11,2604659665
26-10-2018,6471.205808,1.12E+11,2621718778
27-10-2018,6458.691569,1.12E+11,2691793878
28-10-2018,6480.444986,1.12E+11,2385879973
29-10-2018,6296.682747,1.12E+11,2092363882
30-10-2018,6328.925734,1.09E+11,3635271038
31-10-2018,6371.594824,1.10E+11,2005821767
01-11-2018,6383.504729,1.11E+11,2068786387
02-11-2018,6427.051328,1.11E+11,2789564971
03-11-2018,6389.994186,1.12E+11,2654426412
04-11-2018,6327.873069,1.11E+11,2576167568
05-11-2018,6427.770636,1.10E+11,3148603738
06-11-2018,6480.241173,1.12E+11,3047595517
07-11-2018,6564.92408,1.13E+11,3368174353
08-11-2018,6482.240204,1.14E+11,3128127590
09-11-2018,6411.597289,1.13E+11,2767806340
10-11-2018,6408.401122,1.11E+11,2599920003
11-11-2018,6436.625193,1.11E+11,2555488234
12-11-2018,6412.108337,1.12E+11,2904838425
13-11-2018,6421.289059,1.11E+11,2627496740
14-11-2018,5747.02803,1.11E+11,2507191787
15-11-2018,5678.796437,99862702651,5811049290
16-11-2018,5609.85685,98829079081,4941273685
17-11-2018,5606.310769,97498794466,3234474601
18-11-2018,5641.545801,97331317969,2514319624
19-11-2018,4840.287817,98018985353,2424378660
20-11-2018,4503.992682,84529957207,6219588222
21-11-2018,4617.047815,77890680355,6413271233
22-11-2018,4322.428059,80291571582,4276742867
23-11-2018,4365.852703,75085415604,3036369701
24-11-2018,3882.31742,76120308176,3492872780
25-11-2018,4027.173339,67756132282,3105976566
26-11-2018,3799.529138,70327984591,5192225364
27-11-2018,3842.103194,66245433270,4590284260
28-11-2018,4255.634776,66793164009,4056549393
29-11-2018,4297.552586,73995713768,4959987342
30-11-2018,4028.516624,74503128646,4305779377
01-12-2018,4190.484493,70100728570,4030597235
02-12-2018,4165.162978,72886181029,3156090243
03-12-2018,3866.808517,72490854871,3263952782
04-12-2018,3946.656863,67314968788,3111280909
05-12-2018,3739.946735,68701310968,3260408459
06-12-2018,3443.568065,65106872440,3016431684
07-12-2018,3407.708537,60176620147,3699729656
08-12-2018,3411.954925,59331181613,5190511168
09-12-2018,3550.132803,59405633820,3422771550
10-12-2018,3428.397428,61803770603,2877496744
11-12-2018,3368.11315,59753247730,2594735195
12-12-2018,3444.425925,58630734997,2701269335
13-12-2018,3292.580785,59900903064,2565845376
14-12-2018,3219.687285,57374878269,2610318528
15-12-2018,3216.146897,56185958604,2647625129
16-12-2018,3216.555924,56042555232,2080792586
17-12-2018,3504.487535,56199051384,1903914733
18-12-2018,3662.2258,61077785782,3424455650
19-12-2018,3678.953249,63863568278,3900350571
20-12-2018,4081.902195,64220079915,4488854705
21-12-2018,3839.385915,71044885167,6133572321
22-12-2018,3969.527439,67055833849,4734473786
23-12-2018,3940.238627,69067799691,3564961046
24-12-2018,4014.872514,68736763060,3509501884
25-12-2018,3771.626986,70159274088,4822909050
26-12-2018,3779.027909,65802072872,4323385811
27-12-2018,3590.416964,65954979148,3570556205
28-12-2018,3857.159503,62596709761,3377781363
29-12-2018,3697.519549,67306797415,3566916044
30-12-2018,3815.850523,64527632158,3041672930
31-12-2018,3695.804506,66626461792,3070497039
01-01-2019,3805.410746,64481929384,2984646222
02-01-2019,3868.13028,66246820131,2699740137
03-01-2019,3752.83528,67535473640,3258995812
04-01-2019,3810.110143,65530039415,2670098129
05-01-2019,3786.65804,66626126717,2951326847
06-01-2019,4011.287951,66090457342,2752604259
07-01-2019,3993.051508,70094961582,3440949891
08-01-2019,3974.317636,69719835115,3345372296
09-01-2019,3988.517717,69425686641,3486407280
10-01-2019,3607.019655,69576335149,3171647223
11-01-2019,3630.426058,63329772542,4123999595
12-01-2019,3598.490975,63414801921,3211351526
13-01-2019,3497.830805,62895899803,2434446063
14-01-2019,3644.747094,61124126147,2681366855
15-01-2019,3569.952409,63775497510,3040274986
16-01-2019,3598.252525,62403355236,2944347434
17-01-2019,3622.451129,62961014682,2736785630
18-01-2019,3602.253626,63341894344,3041484542
19-01-2019,3670.473175,62988988925,2644869004
20-01-2019,3540.380605,64197996299,2756408037
21-01-2019,3531.088948,61929530646,2950803334
22-01-2019,3572.632245,61769666249,2566452374
23-01-2019,3554.731907,62471350538,2712155165
24-01-2019,3575.028775,62209398789,2648225419
25-01-2019,3566.312611,62552689797,2463930048
26-01-2019,3560.353947,62420289683,2582020812
27-01-2019,3543.08771,62317985972,2537810182
28-01-2019,3434.303429,62073112988,2840677386
29-01-2019,3408.758688,60083874468,3440836757
30-01-2019,3458.362101,59682762806,4339586801
31-01-2019,3430.801267,60557130814,4974929270
01-02-2019,3466.753809,60081221036,2770353087
02-02-2019,3505.17536,60717634492,2468633381
03-02-2019,3457.954147,61396914486,4306787815
04-02-2019,3463.045897,60575749162,4071702635
05-02-2019,3471.67802,60684980778,4046004112
06-02-2019,3405.172338,60789377694,2375787525
07-02-2019,3396.878789,59670537470,4015956565
08-02-2019,3659.847057,59512239916,3083614769
09-02-2019,3667.019477,64148792761,6250390062
10-02-2019,3676.207241,64287939826,4862055831
11-02-2019,3630.726956,64448919936,5043048889
12-02-2019,3628.618389,63658080322,4655448669
13-02-2019,3613.31252,63627007010,5495935789
14-02-2019,3588.642408,63360471334,5626180910
15-02-2019,3602.456375,62939225436,11869720590
16-02-2019,3619.060056,63165693263,4627801475
17-02-2019,3664.538914,63522424454,5022454924
18-02-2019,3887.008726,64314509835,5917379930
19-02-2019,3909.681255,68200821531,9605080511
20-02-2019,3975.198216,68699663204,7866815442
21-02-2019,3936.025034,69762244195,7000772150
22-02-2019,3961.926183,69080781778,6867949532
23-02-2019,4115.656305,69543294098,5841124701
24-02-2019,3738.84305,72243572087,7624111238
25-02-2019,3828.92644,65640717587,10993510956
26-02-2019,3800.923295,67229247666,8561798341
27-02-2019,3815.186511,66745068274,4228877491
28-02-2019,3815.103246,66970397629,7072374347
01-03-2019,3820.315498,67016759677,3596399296
02-03-2019,3818.561932,67027102528,3278497044
03-03-2019,3807.125194,67101767699,4665076809
04-03-2019,3720.620326,66888760716,5855804224
05-03-2019,3855.305241,65238057882,8411407531
06-03-2019,3865.706722,67777161934,10264054897
07-03-2019,3873.548646,67937909177,6695788928
08-03-2019,3862.4407,68071172605,3806118912
09-03-2019,3935.252054,67880765786,6967836726
10-03-2019,3918.798855,69291541116,9534044470
11-03-2019,3866.154848,68983930087,5134611264
12-03-2019,3882.395192,67877950958,7115583545
13-03-2019,3865.824876,68231892759,8246695281
14-03-2019,3880.07144,67987535321,6571094247
15-03-2019,3924.619785,68182412369,8933777979
16-03-2019,4006.325906,69035906237,4487098212
17-03-2019,3951.00485,70478042878,8224387345
18-03-2019,3988.094559,70058557243,3910342336
19-03-2019,4017.170924,70152235369,5543651666
20-03-2019,4045.39037,70645865911,7622553452
21-03-2019,3984.989685,71204809111,9134972541
22-03-2019,3986.619579,70158961439,10027594072
23-03-2019,4000.607889,70227188529,9397615105
24-03-2019,3995.158219,70473209508,16141060959
25-03-2019,3940.122542,70347493012,9836616869
26-03-2019,3943.323487,69272060560,10852981526
27-03-2019,4031.122031,69448728835,12272558251
28-03-2019,4027.717045,71025394069,16467521404
29-03-2019,4101.169096,70963912825,15124520909
30-03-2019,4115.218687,72221080331,16330213265
31-03-2019,4103.058274,72305792937,5726868506
01-04-2019,4146.73674,72304849573,9934119689
02-04-2019,4877.600305,73040477823,12546058687
03-04-2019,4946.268672,85741012091,23593824490
04-04-2019,4922.081249,87326456085,27902916524
05-04-2019,5012.283161,86542597842,23566721451
06-04-2019,5040.787222,88382435986,19830518212
07-04-2019,5180.086084,88939647804,19405123789
08-04-2019,5258.928542,91373644498,22567221639
09-04-2019,5169.912942,92743946709,21685890021
10-04-2019,5308.099049,91172857535,15344243775
11-04-2019,5041.596366,93630354970,18816575367
12-04-2019,5082.165619,88961526578,19838183761
13-04-2019,5072.589269,89553010835,15618969627
14-04-2019,5158.369142,89541102802,12196742094
15-04-2019,5039.237917,90865414125,12752658812
16-04-2019,5200.957967,88941738724,14013282908
17-04-2019,5211.763075,91889749915,13221063443
18-04-2019,5276.280623,92108452847,14320795335
19-04-2019,5277.303282,93182220779,15204983937
20-04-2019,5304.437843,93180758610,15135523156
21-04-2019,5299.116563,93715543144,14891043714
22-04-2019,5371.881729,93787602670,16369465376
23-04-2019,5546.443825,94826474247,16323578515
24-04-2019,5440.620137,97969825291,19205452783
25-04-2019,5215.067109,96281623217,19592739251
26-04-2019,5268.634437,91925686580,19372988780
27-04-2019,5247.790114,92996095002,19394344197
28-04-2019,5261.794899,92717426097,14848708170
29-04-2019,5202.263752,92830659803,14775709047
30-04-2019,5294.861109,91939084674,15419394841
01-05-2019,5358.819809,93570145995,16864173537
02-05-2019,5456.975332,94689727646,15062989168
03-05-2019,5723.138295,96366609544,15987715673
04-05-2019,5801.741911,1.01E+11,19708445486
05-05-2019,5751.961876,1.03E+11,18869126707
06-05-2019,5714.973059,1.02E+11,15653654637
07-05-2019,5829.947454,1.01E+11,16438651694
08-05-2019,5957.433226,1.03E+11,19479608907
09-05-2019,6169.296928,1.05E+11,16579562585
10-05-2019,6371.258133,1.09E+11,18385918301
11-05-2019,7254.322679,1.13E+11,20801201804
12-05-2019,6970.102677,1.28E+11,32382457804
13-05-2019,7799.316047,1.23E+11,31625969408
14-05-2019,7975.433208,1.38E+11,32168637464
15-05-2019,8171.438075,1.41E+11,35683804604
16-05-2019,7886.828612,1.45E+11,30813082410
17-05-2019,7379.204621,1.40E+11,34754801713
18-05-2019,7280.385318,1.31E+11,33165126882
19-05-2019,8151.518944,1.29E+11,22385924323
20-05-2019,7983.431018,1.45E+11,30985200192
21-05-2019,7939.18975,1.41E+11,28785100302
22-05-2019,7657.502637,1.41E+11,25168734024
23-05-2019,7870.157897,1.36E+11,24555347088
24-05-2019,7981.15182,1.39E+11,24669281293
25-05-2019,8047.541302,1.41E+11,26831165143
26-05-2019,8644.447841,1.43E+11,23951918247
27-05-2019,8772.080094,1.53E+11,29317893133
28-05-2019,8728.894776,1.55E+11,33604916166
29-05-2019,8646.267217,1.55E+11,26951657853
30-05-2019,8303.756801,1.53E+11,27883955817
31-05-2019,8569.377623,1.47E+11,32745569696
01-06-2019,8561.368073,1.52E+11,30232688871
02-06-2019,8744.426432,1.52E+11,26629393224
03-06-2019,8169.549128,1.55E+11,25625422339
04-06-2019,7700.513385,1.45E+11,25017877270
05-06-2019,7783.574091,1.37E+11,25505680562
06-06-2019,7810.866114,1.39E+11,24522727988
07-06-2019,8017.211603,1.39E+11,24602414024
08-06-2019,7922.027455,1.42E+11,23555298511
09-06-2019,7651.841165,1.41E+11,19699227971
10-06-2019,8006.560845,1.36E+11,20137436802
11-06-2019,7913.178561,1.42E+11,21719586685
12-06-2019,8143.259183,1.40E+11,20955715270
13-06-2019,8236.629644,1.45E+11,22077248627
14-06-2019,8669.717762,1.46E+11,22938957753
15-06-2019,8824.923202,1.54E+11,23348965439
16-06-2019,8984.283285,1.57E+11,21900225310
17-06-2019,9317.543524,1.60E+11,27364522338
18-06-2019,9106.097082,1.65E+11,27507529289
19-06-2019,9279.700379,1.62E+11,25091757612
20-06-2019,9546.071661,1.65E+11,22234552437
21-06-2019,10159.8511,1.70E+11,24734759540
22-06-2019,10709.54532,1.80E+11,28774454716
23-06-2019,10868.04418,1.91E+11,38872625299
24-06-2019,11043.72903,1.93E+11,29182210514
25-06-2019,11813.16226,1.96E+11,26755612253
26-06-2019,13033.99811,2.10E+11,33683928770
27-06-2019,11359.8515,2.32E+11,58828399366
28-06-2019,12398.15087,2.02E+11,52987639044
29-06-2019,11952.19814,2.21E+11,44970621974
30-06-2019,10805.73315,2.13E+11,37696253880
01-07-2019,10612.55562,1.92E+11,34799790016
02-07-2019,10828.06155,1.89E+11,37309028042
03-07-2019,11995.91455,1.93E+11,39039027054
04-07-2019,11170.32365,2.13E+11,39243519801
05-07-2019,10978.38314,1.99E+11,32854036867
06-07-2019,11262.99845,1.95E+11,30924138631
07-07-2019,11451.40834,2.00E+11,27934195967
08-07-2019,12289.67939,2.04E+11,25859004820
09-07-2019,12571.04683,2.19E+11,31051028020
10-07-2019,12179.31351,2.24E+11,35946061943
11-07-2019,11418.47047,2.17E+11,42220083538
12-07-2019,11818.40864,2.03E+11,37214383100
13-07-2019,11421.96238,2.11E+11,30074590051
14-07-2019,10241.33791,2.04E+11,28509149700
15-07-2019,10878.71302,1.82E+11,29665952640
16-07-2019,9490.329511,1.94E+11,37304101456
17-07-2019,9689.492156,1.69E+11,34279634237
18-07-2019,10625.14518,1.73E+11,33301742873
19-07-2019,10538.05525,1.89E+11,34053328225
20-07-2019,10768.13979,1.88E+11,28808075682
21-07-2019,10585.59172,1.92E+11,26245031629
22-07-2019,10345.53684,1.89E+11,22713685347
23-07-2019,9894.805119,1.84E+11,21913374112
24-07-2019,9767.490497,1.77E+11,22924120094
25-07-2019,9878.659976,1.74E+11,23692246438
26-07-2019,9837.072127,1.76E+11,21507584690
27-07-2019,9480.330359,1.76E+11,19926170451
28-07-2019,9537.907002,1.69E+11,21909012545
29-07-2019,9511.736599,1.70E+11,18630880827
30-07-2019,9577.318815,1.70E+11,18428845255
31-07-2019,10077.88535,1.71E+11,20117639540
01-08-2019,10372.46444,1.80E+11,23028323123
02-08-2019,10524.54576,1.85E+11,23584723076
03-08-2019,10798.14307,1.88E+11,23972206203
04-08-2019,10944.41528,1.93E+11,22285339495
05-08-2019,11792.37214,1.95E+11,23292890005
06-08-2019,11490.85003,2.11E+11,30878343273
07-08-2019,11926.7072,2.05E+11,31585634019
08-08-2019,12000.0339,2.13E+11,29930176963
09-08-2019,11857.86663,2.15E+11,26749719947
10-08-2019,11326.48943,2.12E+11,26147857406
11-08-2019,11559.82614,2.02E+11,24952829994
12-08-2019,11376.66881,2.07E+11,23107198859
13-08-2019,10888.34403,2.03E+11,19811781416
14-08-2019,10050.48186,1.95E+11,22569975636
15-08-2019,10310.36403,1.79E+11,26803381491
16-08-2019,10359.62213,1.84E+11,30871320206
17-08-2019,10251.3198,1.85E+11,28238228046
18-08-2019,10308.76806,1.83E+11,21098987549
19-08-2019,10907.86831,1.84E+11,19207153520
20-08-2019,10733.73733,1.95E+11,21895238289
21-08-2019,10175.65571,1.92E+11,19570165336
22-08-2019,10101.92697,1.82E+11,23837713221
23-08-2019,10388.89623,1.81E+11,20134412226
24-08-2019,10154.2145,1.86E+11,18326203211
25-08-2019,10113.49145,1.82E+11,21476251272
26-08-2019,10351.32638,1.81E+11,18121006886
27-08-2019,10165.56768,1.85E+11,23066020157
28-08-2019,9734.452479,1.82E+11,20647986061
29-08-2019,9499.616109,1.75E+11,22936370836
30-08-2019,9596.141593,1.70E+11,20556019797
31-08-2019,9599.359232,1.72E+11,16970674484
01-09-2019,9744.302911,1.72E+11,15383985149
02-09-2019,10324.2269,1.75E+11,15006377207
03-09-2019,10585.59344,1.85E+11,21434268812
04-09-2019,10568.63303,1.90E+11,23551635082
05-09-2019,10565.48375,1.89E+11,21178593065
06-09-2019,10315.24286,1.89E+11,18684279460
07-09-2019,10462.53255,1.85E+11,23744742429
08-09-2019,10393.61268,1.87E+11,18610360445
09-09-2019,10304.07348,1.87E+11,16362659789
10-09-2019,10127.71191,1.85E+11,20952050811
11-09-2019,10169.12299,1.82E+11,17411027869
12-09-2019,10416.93102,1.82E+11,19984802668
13-09-2019,10364.97239,1.87E+11,18135031877
14-09-2019,10349.03263,1.86E+11,16625752260
15-09-2019,10313.66932,1.86E+11,16233289917
16-09-2019,10269.40284,1.85E+11,14191705497
17-09-2019,10197.40174,1.84E+11,17620570204
18-09-2019,10157.89121,1.83E+11,17267746251
19-09-2019,10256.83339,1.82E+11,18870917447
20-09-2019,10176.76867,1.84E+11,23842973523
21-09-2019,9989.048911,1.83E+11,17259875473
22-09-2019,10026.76677,1.79E+11,15273299234
23-09-2019,9711.394223,1.80E+11,16214240840
24-09-2019,8601.359754,1.74E+11,17841715235
25-09-2019,8434.565544,1.54E+11,27754582770
26-09-2019,8084.631018,1.51E+11,24828604895
27-09-2019,8188.405209,1.45E+11,22321902808
28-09-2019,8246.685808,1.47E+11,19699910486
29-09-2019,8053.961698,1.48E+11,17944111632
30-09-2019,8288.451784,1.45E+11,16578374677
01-10-2019,8293.173606,1.49E+11,21802323937
02-10-2019,8377.674505,1.49E+11,19968226996
03-10-2019,8211.618972,1.50E+11,17863747295
04-10-2019,8149.692348,1.47E+11,18050410557
05-10-2019,8157.704881,1.47E+11,16848976029
06-10-2019,7888.638231,1.46E+11,16752915157
07-10-2019,8200.580475,1.42E+11,16813767221
08-10-2019,8173.786297,1.47E+11,21669723229
09-10-2019,8557.253569,1.47E+11,19278752840
10-10-2019,8573.121856,1.54E+11,23097909017
11-10-2019,8293.951753,1.54E+11,21267781612
12-10-2019,8304.051526,1.49E+11,22519809877
13-10-2019,8274.559324,1.49E+11,17953692888
14-10-2019,8361.529536,1.49E+11,16893598398
15-10-2019,8169.490375,1.50E+11,17603546165
16-10-2019,8000.173278,1.47E+11,17764665019
17-10-2019,8074.04595,1.44E+11,18790066091
18-10-2019,7953.28738,1.45E+11,17111989865
19-10-2019,7956.018906,1.43E+11,18190011596
20-10-2019,8214.094519,1.43E+11,16663261522
21-10-2019,8215.426195,1.48E+11,18322031781
22-10-2019,8043.394343,1.48E+11,17548400116
23-10-2019,7500.295702,1.45E+11,19790524533
24-10-2019,7435.014329,1.35E+11,24450825466
25-10-2019,8656.78861,1.34E+11,18750225407
26-10-2019,9220.182633,1.56E+11,33604047738
27-10-2019,9529.709177,1.66E+11,52680211468
28-10-2019,9237.686175,1.71E+11,38235716105
29-10-2019,9399.440025,1.66E+11,36095548405
30-10-2019,9171.429272,1.70E+11,33542523915
31-10-2019,9145.800504,1.65E+11,30856203717
01-11-2019,9234.301641,1.65E+11,30405941153
02-11-2019,9310.986637,1.66E+11,28241899660
03-11-2019,9212.13821,1.68E+11,24627095954
04-11-2019,9372.350569,1.66E+11,23913503986
05-11-2019,9295.865534,1.69E+11,30804838668
06-11-2019,9333.243293,1.68E+11,30234112301
07-11-2019,9220.224949,1.68E+11,28759885111
08-11-2019,8778.084098,1.66E+11,27102482894
09-11-2019,8809.398742,1.59E+11,28893584985
10-11-2019,9048.98071,1.59E+11,22724517786
11-11-2019,8739.452152,1.63E+11,24442832749
12-11-2019,8803.438447,1.58E+11,25459702029
13-11-2019,8784.411662,1.59E+11,25642436195
14-11-2019,8651.135675,1.58E+11,22901653053
15-11-2019,8480.295973,1.56E+11,24400622829
16-11-2019,8500.143752,1.53E+11,27102067113
17-11-2019,8504.49184,1.53E+11,21260501239
18-11-2019,8199.148891,1.54E+11,23430340205
19-11-2019,8133.588164,1.48E+11,25227377309
20-11-2019,8094.457382,1.47E+11,24766239733
21-11-2019,7650.289619,1.46E+11,23380199071
22-11-2019,7292.800663,1.38E+11,27441268661
23-11-2019,7331.155815,1.32E+11,39161597418
24-11-2019,6944.160209,1.32E+11,24191229918
25-11-2019,7117.338258,1.25E+11,24988292587
26-11-2019,7157.696243,1.29E+11,34509923383
27-11-2019,7487.693408,1.29E+11,25651848402
28-11-2019,7422.143214,1.35E+11,28988549437
29-11-2019,7722.934759,1.34E+11,22194281655
30-11-2019,7554.983234,1.40E+11,23600301846
01-12-2019,7404.326986,1.37E+11,19031286324
02-12-2019,7318.658107,1.34E+11,22739593680
03-12-2019,7286.286613,1.32E+11,19167800212
04-12-2019,7188.430285,1.32E+11,17191780067
05-12-2019,7385.027306,1.30E+11,24684391464
06-12-2019,7529.131913,1.34E+11,22371579952
07-12-2019,7494.61504,1.36E+11,20925159207
08-12-2019,7507.968887,1.36E+11,17005296753
09-12-2019,7358.096044,1.36E+11,17356524418
10-12-2019,7226.015407,1.33E+11,20570528973
11-12-2019,7197.791935,1.31E+11,19683096520
12-12-2019,7207.676078,1.30E+11,18017654088
13-12-2019,7248.299478,1.30E+11,19560067725
14-12-2019,7080.306901,1.31E+11,18637887162
15-12-2019,7120.31958,1.28E+11,19485090161
16-12-2019,6899.132918,1.29E+11,18807611035
17-12-2019,6627.931295,1.25E+11,22205858577
18-12-2019,7271.555458,1.20E+11,26487782511
19-12-2019,7156.445223,1.32E+11,57038176212
20-12-2019,7189.826748,1.29E+11,23485013917
21-12-2019,7141.52343,1.30E+11,22774665548
22-12-2019,7486.257715,1.29E+11,18383158089
23-12-2019,7334.914537,1.36E+11,24337345639
24-12-2019,7268.856636,1.33E+11,30230293424
25-12-2019,7208.807361,1.32E+11,26528045472
26-12-2019,7195.762665,1.31E+11,24016285746
27-12-2019,7254.115055,1.31E+11,24711934955
28-12-2019,7304.134874,1.31E+11,26102545284
29-12-2019,7394.433426,1.32E+11,21877832683
30-12-2019,7223.330931,1.34E+11,22047566173
31-12-2019,7193.955621,1.31E+11,22782994760
01-01-2020,7194.407631,1.30E+11,21157334607
02-01-2020,6963.307394,1.30E+11,18187191950
03-01-2020,7323.15563,1.26E+11,20312047792
04-01-2020,7348.622532,1.33E+11,31115748697
05-01-2020,7350.057057,1.33E+11,20601229090
06-01-2020,7734.448551,1.33E+11,21929550587
07-01-2020,8138.670281,1.40E+11,28147692297
08-01-2020,8027.56381,1.48E+11,36008908085
09-01-2020,7826.991054,1.46E+11,39842064602
10-01-2020,8151.936164,1.42E+11,29466508373
11-01-2020,7983.409702,1.49E+11,35625793701
12-01-2020,8160.008909,1.45E+11,31386361054
13-01-2020,8099.449852,1.48E+11,27495019596
14-01-2020,8795.713927,1.47E+11,27976633263
15-01-2020,8821.031056,1.60E+11,55338935488
16-01-2020,8737.333112,1.60E+11,48161460384
17-01-2020,8883.579708,1.58E+11,36703832343
18-01-2020,8905.11671,1.61E+11,41555038755
19-01-2020,8690.270063,1.62E+11,36794732039
20-01-2020,8631.414192,1.58E+11,39234990906
21-01-2020,8718.034344,1.57E+11,29532310478
22-01-2020,8665.854063,1.59E+11,27037078210
23-01-2020,8415.124625,1.58E+11,25644953828
24-01-2020,8431.39775,1.53E+11,30698583490
25-01-2020,8346.72998,1.53E+11,30693077438
26-01-2020,8597.062248,1.52E+11,26572819961
27-01-2020,8878.393339,1.56E+11,30249986834
28-01-2020,9336.81211,1.61E+11,39653371476
29-01-2020,9276.190845,1.70E+11,49511032405
30-01-2020,9505.254134,1.69E+11,47266641385
31-01-2020,9311.959002,1.73E+11,49060723208
01-02-2020,9357.806226,1.69E+11,50104652516
02-02-2020,9321.975993,1.70E+11,47760828037
03-02-2020,9303.212634,1.70E+11,55117312634
04-02-2020,9182.733699,1.69E+11,56434473187
05-02-2020,9585.978682,1.67E+11,55482611121
06-02-2020,9757.208953,1.75E+11,65647903277
07-02-2020,9805.89566,1.77E+11,71155600419
08-02-2020,9889.452034,1.79E+11,69818819952
09-02-2020,10156.01957,1.80E+11,71715308283
10-02-2020,9880.447029,1.85E+11,78133897479
11-02-2020,10228.70889,1.80E+11,81719527610
12-02-2020,10328.39066,1.86E+11,37068661240
13-02-2020,10223.04933,1.88E+11,45476143984
14-02-2020,10317.51095,1.86E+11,54181142505
15-02-2020,9896.241512,1.88E+11,50334665499
16-02-2020,9934.922671,1.80E+11,51478861829
17-02-2020,9722.13724,1.81E+11,42349835156
18-02-2020,10155.32122,1.77E+11,48433403639
19-02-2020,9625.616779,1.85E+11,53325095849
20-02-2020,9601.616383,1.75E+11,50536822620
21-02-2020,9668.088916,1.75E+11,53145516513
22-02-2020,9655.997596,1.76E+11,37685552383
23-02-2020,9946.599164,1.76E+11,32546925818
24-02-2020,9665.379891,1.81E+11,38763319865
25-02-2020,9332.970779,1.76E+11,41995792768
26-02-2020,8806.423418,1.70E+11,39391546622
27-02-2020,8816.639188,1.61E+11,46113305891
28-02-2020,8724.311046,1.60E+11,43247731678
29-02-2020,8547.972079,1.59E+11,41251015203
01-03-2020,8517.41547,1.56E+11,33292398776
02-03-2020,8912.013693,1.56E+11,34015136880
03-03-2020,8752.804243,1.63E+11,59839146809
04-03-2020,8766.141258,1.60E+11,68291123765
05-03-2020,9047.87948,1.60E+11,38775426855
06-03-2020,9128.438438,1.65E+11,38181500758
07-03-2020,8910.021513,1.67E+11,41279426933
08-03-2020,8050.873454,1.63E+11,36813575393
09-03-2020,7954.514261,1.47E+11,39519896236
10-03-2020,7905.672015,1.45E+11,48340989627
11-03-2020,7939.24239,1.44E+11,41570847315
12-03-2020,5154.338866,1.45E+11,38691333223
13-03-2020,5553.141564,93092131087,50376596743
14-03-2020,5205.290908,1.01E+11,74023472165
15-03-2020,5354.897643,95216478865,36326489328
16-03-2020,5054.115037,98632587514,34762961562
17-03-2020,5314.727246,91962797384,44191570772
18-03-2020,5372.689975,97128298613,37398799506
19-03-2020,6136.488277,98259998309,37602898882
20-03-2020,6213.606045,1.13E+11,50012618241
21-03-2020,6171.225575,1.13E+11,51333512692
22-03-2020,5848.037685,1.12E+11,40517446321
23-03-2020,6469.059735,1.07E+11,37078890679
24-03-2020,6740.397392,1.18E+11,43438056174
25-03-2020,6701.073156,1.23E+11,45892072972
26-03-2020,6784.945791,1.22E+11,42090785533
27-03-2020,6403.779257,1.24E+11,34395662607
28-03-2020,6264.742566,1.17E+11,33022683269
29-03-2020,5905.517143,1.15E+11,35039785595
30-03-2020,6403.141236,1.08E+11,26122005648
31-03-2020,6419.486168,1.17E+11,34907149978
01-04-2020,6638.915017,1.18E+11,32177731370
02-04-2020,6767.374255,1.22E+11,35990695800
03-04-2020,6733.294077,1.25E+11,46971388522
04-04-2020,6859.592069,1.23E+11,39860461648
05-04-2020,6778.670687,1.26E+11,35009467578
06-04-2020,7280.012949,1.24E+11,31844837642
07-04-2020,7197.924943,1.33E+11,47389328344
08-04-2020,7339.038866,1.32E+11,43381247000
09-04-2020,7294.223457,1.34E+11,38822734059
10-04-2020,6864.730712,1.34E+11,34918378867
11-04-2020,6880.895002,1.26E+11,37829268905
12-04-2020,6907.730675,1.26E+11,29785135867
13-04-2020,6865.120045,1.27E+11,34649266324
14-04-2020,6857.630132,1.26E+11,37970384577
15-04-2020,6628.929827,1.26E+11,33830104768
16-04-2020,7059.933663,1.21E+11,30430559735
17-04-2020,7034.291436,1.29E+11,45751956359
18-04-2020,7238.067335,1.29E+11,31715629468
19-04-2020,7127.105863,1.33E+11,32332201150
20-04-2020,6851.60036,1.31E+11,29725098481
21-04-2020,6843.027653,1.26E+11,35253416755
22-04-2020,7105.684058,1.25E+11,30072715963
23-04-2020,7392.487399,1.30E+11,32058345731
24-04-2020,7498.291812,1.35E+11,41320889956
25-04-2020,7538.732686,1.37E+11,33227717163
26-04-2020,7702.301102,1.38E+11,31607925776
27-04-2020,7775.903826,1.41E+11,34018067825
28-04-2020,7750.209471,1.43E+11,35112254192
29-04-2020,8736.568765,1.42E+11,32822906044
30-04-2020,8640.023944,1.60E+11,60400546450
01-05-2020,8824.780445,1.58E+11,66101989851
02-05-2020,8962.043294,1.62E+11,44734126149
03-05-2020,8896.173561,1.65E+11,39148496330
04-05-2020,8880.290217,1.63E+11,45771229089
05-05-2020,9003.571869,1.63E+11,44704197712
06-05-2020,9099.498029,1.65E+11,43440501167
07-05-2020,9922.863971,1.68E+11,48420316505
08-05-2020,9816.476846,1.83E+11,61487600513
09-05-2020,9555.958012,1.80E+11,50930750693
10-05-2020,8752.679539,1.76E+11,46604724895
11-05-2020,8601.939124,1.61E+11,61705207438
12-05-2020,8788.466749,1.58E+11,57711730058
13-05-2020,9289.835805,1.61E+11,39515455756
14-05-2020,9796.494527,1.71E+11,43131804361
15-05-2020,9309.295359,1.79E+11,52076585311
16-05-2020,9338.523054,1.71E+11,44866846516
17-05-2020,9666.327193,1.72E+11,33202750101
18-05-2020,9714.575937,1.77E+11,35650032954
19-05-2020,9760.198937,1.78E+11,38749755260
20-05-2020,9526.507593,1.79E+11,37077538115
21-05-2020,9059.962507,1.75E+11,34829170075
22-05-2020,9153.336643,1.67E+11,35965016694
23-05-2020,9170.361064,1.68E+11,29868806809
24-05-2020,8731.848526,1.69E+11,26159735072
25-05-2020,8883.69177,1.61E+11,29437505507
26-05-2020,8839.130663,1.63E+11,29130957734
27-05-2020,9174.118564,1.63E+11,26860828303
28-05-2020,9546.031829,1.69E+11,28916177010
29-05-2020,9427.017328,1.76E+11,31771159357
30-05-2020,9677.947036,1.73E+11,28879934301
31-05-2020,9453.177749,1.78E+11,30256184853
01-06-2020,10167.93069,1.74E+11,27352311471
02-06-2020,9515.243859,1.87E+11,33702539854
03-06-2020,9645.227869,1.75E+11,36841150779
04-06-2020,9776.54851,1.77E+11,25222025159
05-06-2020,9636.965527,1.80E+11,25178403205
06-06-2020,9662.858709,1.77E+11,23447982002
07-06-2020,9742.756574,1.78E+11,19374357195
08-06-2020,9773.295664,1.79E+11,23884558778
09-06-2020,9767.144164,1.80E+11,21155642777
10-06-2020,9885.958645,1.80E+11,22910586785
11-06-2020,9317.698255,1.82E+11,24395380528
12-06-2020,9469.604815,1.72E+11,31191058035
13-06-2020,9470.827108,1.74E+11,23598146195
14-06-2020,9334.197295,1.74E+11,19533712838
15-06-2020,9426.908888,1.72E+11,19129308571
16-06-2020,9523.074511,1.74E+11,29657214982
17-06-2020,9460.750839,1.75E+11,26460717220
18-06-2020,9394.752595,1.74E+11,23304696334
19-06-2020,9321.943524,1.73E+11,20585080401
20-06-2020,9360.74447,1.72E+11,23767561616
21-06-2020,9298.531042,1.72E+11,19775576738
22-06-2020,9678.714808,1.71E+11,18993154301
23-06-2020,9624.244696,1.78E+11,22364382512
24-06-2020,9290.67628,1.77E+11,17699773328
25-06-2020,9258.252117,1.71E+11,23211262278
26-06-2020,9150.774872,1.70E+11,23488295391
27-06-2020,9029.793044,1.69E+11,22408861512
28-06-2020,9133.238679,1.66E+11,21897635167
29-06-2020,9185.757738,1.68E+11,19332898523
30-06-2020,9139.508463,1.69E+11,20151353240
01-07-2020,9230.784837,1.68E+11,19664081596
02-07-2020,9086.492349,1.70E+11,20003515284
03-07-2020,9061.528847,1.68E+11,18201269838
04-07-2020,9137.068838,1.67E+11,17400646782
05-07-2020,9086.755673,1.68E+11,16564851428
06-07-2020,9336.676566,1.67E+11,17329756506
07-07-2020,9256.845356,1.72E+11,21967905302
08-07-2020,9431.596314,1.71E+11,18919591360
09-07-2020,9232.788545,1.74E+11,19560507213
10-07-2020,9285.546718,1.70E+11,19392074935
11-07-2020,9234.645491,1.71E+11,17499295466
12-07-2020,9305.583996,1.70E+11,16200463903
13-07-2020,9241.596336,1.71E+11,17204414284
14-07-2020,9250.332265,1.70E+11,18777132243
15-07-2020,9199.281179,1.70E+11,19087432075
16-07-2020,9134.073816,1.70E+11,17134616752
17-07-2020,9155.174229,1.68E+11,19139088247
18-07-2020,9171.15649,1.69E+11,16482779484
19-07-2020,9203.950276,1.69E+11,15635516475
20-07-2020,9160.03613,1.70E+11,15805507377
21-07-2020,9386.301505,1.69E+11,17476823136
22-07-2020,9517.839296,1.73E+11,20039415976
23-07-2020,9593.933625,1.75E+11,19958939412
24-07-2020,9541.317083,1.77E+11,27176255075
25-07-2020,9696.215207,1.76E+11,35654032570
26-07-2020,9927.21952,1.79E+11,36752598705
27-07-2020,11043.49862,1.83E+11,19570624670
28-07-2020,10907.62078,2.02E+11,58316428942
29-07-2020,11100.32314,2.01E+11,27612485204
30-07-2020,11095.66549,2.05E+11,23693121790
31-07-2020,11344.97172,2.05E+11,22233122668
01-08-2020,11803.59347,2.09E+11,20015324064
02-08-2020,11069.44632,2.18E+11,26070830634
03-08-2020,11252.17478,2.04E+11,27618810593
04-08-2020,11194.90143,2.07E+11,20546089428
05-08-2020,11747.23545,2.07E+11,20478685970
06-08-2020,11766.20794,2.16E+11,22405650247
07-08-2020,11597.33857,2.17E+11,21800073730
08-08-2020,11761.83804,2.14E+11,21653459132
09-08-2020,11689.71667,2.17E+11,17425042165
10-08-2020,11884.57726,2.16E+11,41505798792
11-08-2020,11397.75532,2.19E+11,24192586919
12-08-2020,11565.93511,2.10E+11,24469041749
13-08-2020,11817.16404,2.14E+11,22789535632
14-08-2020,11777.39132,2.17E+11,24755770184
15-08-2020,11851.63282,2.17E+11,21650925952
16-08-2020,11910.90344,2.19E+11,21240370441
17-08-2020,12263.63668,2.20E+11,19198689558
18-08-2020,11952.92523,2.26E+11,25445567610
19-08-2020,11773.16708,2.21E+11,24662431731
20-08-2020,11858.18518,2.17E+11,23412018851
21-08-2020,11518.83031,2.19E+11,20268999941
22-08-2020,11675.64099,2.13E+11,23385581453
23-08-2020,11645.81929,2.16E+11,20148768727
24-08-2020,11756.17186,2.15E+11,18514424253
25-08-2020,11319.68964,2.17E+11,20004082992
26-08-2020,11457.81334,2.10E+11,23345245045
27-08-2020,11327.95249,2.12E+11,21173131121
28-08-2020,11538.37704,2.09E+11,21654692176
29-08-2020,11463.65833,2.13E+11,19260223599
30-08-2020,11710.43781,2.12E+11,18431870219
31-08-2020,11648.52168,2.16E+11,19961973163
01-09-2020,11899.30405,2.15E+11,21122225103
02-09-2020,11389.87623,2.20E+11,25214371661
03-09-2020,10193.13377,2.10E+11,25816845370
04-09-2020,10481.2846,1.88E+11,49448594606
05-09-2020,10182.2044,1.94E+11,27391314387
06-09-2020,10257.28372,1.88E+11,56470999684
07-09-2020,10360.48547,1.90E+11,39504066326
08-09-2020,10134.46367,1.92E+11,26561356367
09-09-2020,10219.51995,1.87E+11,47822774020
10-09-2020,10344.88386,1.89E+11,21332028599
11-09-2020,10384.85229,1.91E+11,77576362860
12-09-2020,10439.17356,1.92E+11,20820813140
13-09-2020,10322.34897,1.93E+11,19931471419
14-09-2020,10670.97855,1.91E+11,20204114481
15-09-2020,10790.80639,1.97E+11,23886156559
16-09-2020,10941.42447,1.99E+11,23818094788
17-09-2020,10946.93818,2.03E+11,24406930998
18-09-2020,10931.06389,2.02E+11,23461367114
19-09-2020,11084.09536,2.02E+11,20642758053
20-09-2020,10919.53917,2.05E+11,18313408572
21-09-2020,10431.86624,2.02E+11,19978098248
22-09-2020,10533.14634,1.93E+11,23780650664
23-09-2020,10232.23787,1.95E+11,19768561083
24-09-2020,10732.26079,1.89E+11,19963882191
25-09-2020,10684.78555,1.98E+11,21295500653
26-09-2020,10728.60206,1.98E+11,19062441475
27-09-2020,10834.89463,1.99E+11,16835809672
28-09-2020,10701.57228,1.99E+11,17819544430
29-09-2020,10839.0626,1.98E+11,19939387771
30-09-2020,10811.77457,2.01E+11,18277722585
01-10-2020,10614.04662,1.99E+11,18617680471
02-10-2020,10570.13401,1.97E+11,20777938897
03-10-2020,10528.64838,1.96E+11,21194369543
04-10-2020,10667.67423,1.95E+11,15999187927
05-10-2020,10786.36407,1.97E+11,16112676071
06-10-2020,10594.11447,2.00E+11,17885410364
07-10-2020,10672.16069,1.96E+11,19314830691
08-10-2020,10918.68233,1.98E+11,17254183333
09-10-2020,11056.68521,2.02E+11,19839822142
10-10-2020,11296.80206,2.05E+11,19242071185
11-10-2020,11366.47553,2.09E+11,19510889695
12-10-2020,11533.68378,2.11E+11,16270156788
13-10-2020,11429.39057,2.14E+11,20933434208
14-10-2020,11430.41321,2.12E+11,19541791938
15-10-2020,11499.16001,2.12E+11,20427867923
16-10-2020,11317.88579,2.13E+11,20471135950
17-10-2020,11364.04399,2.10E+11,20459696265
18-10-2020,11509.08718,2.10E+11,15617339790
19-10-2020,11750.91912,2.13E+11,15632089243
20-10-2020,11913.86506,2.18E+11,17968488883
21-10-2020,12807.19687,2.21E+11,21441272551
22-10-2020,12961.58544,2.37E+11,29305915219
23-10-2020,12929.7635,2.40E+11,25209656745
24-10-2020,13104.69526,2.40E+11,21405744030
25-10-2020,13022.85199,2.43E+11,19303425825
26-10-2020,13062.81334,2.41E+11,18988892018
27-10-2020,13631.64692,2.42E+11,21514423884
28-10-2020,13275.88001,2.53E+11,23881020824
29-10-2020,13448.37591,2.46E+11,26627460486
30-10-2020,13549.53557,2.49E+11,22770674630
31-10-2020,13740.61051,2.51E+11,23474577943
01-11-2020,13750.97691,2.55E+11,22586861897
02-11-2020,13538.6521,2.54E+11,19808485724
03-11-2020,14013.12623,2.51E+11,22576621431
04-11-2020,14131.53198,2.59E+11,22641314707
05-11-2020,15570.11249,2.62E+11,25831241318
06-11-2020,15557.09675,2.89E+11,36437038793
07-11-2020,14815.74868,2.88E+11,34494805397
08-11-2020,15478.6155,2.75E+11,30365458864
09-11-2020,15308.35956,2.87E+11,23997284893
10-11-2020,15305.09575,2.84E+11,29305189420
11-11-2020,15680.21671,2.83E+11,21958994680
12-11-2020,16275.64062,2.91E+11,23905817706
13-11-2020,16324.19321,3.02E+11,28005135744
14-11-2020,16069.7437,3.03E+11,24729594698
15-11-2020,15966.88102,2.98E+11,22032771267
16-11-2020,16707.98426,2.96E+11,19148555716
17-11-2020,17654.60806,3.10E+11,24596633474
18-11-2020,17807.1463,3.27E+11,31618097084
19-11-2020,17822.99675,3.30E+11,40037521725
20-11-2020,18657.73387,3.31E+11,30466735827
21-11-2020,18649.90963,3.46E+11,28006397972
22-11-2020,18420.94838,3.46E+11,31702886998
23-11-2020,18311.66002,3.42E+11,33068752979
24-11-2020,19114.89003,3.41E+11,33158899074
25-11-2020,18732.21962,3.54E+11,49487703390
26-11-2020,17183.05039,3.48E+11,32025407259
27-11-2020,17149.12142,3.18E+11,48381080126
28-11-2020,17725.46406,3.18E+11,30687152007
29-11-2020,18192.64566,3.29E+11,24489602982
30-11-2020,19615.04045,3.37E+11,23947181259
01-12-2020,18838.8173,3.64E+11,36263726210
02-12-2020,19225.05352,3.50E+11,38548291992
03-12-2020,19417.97515,3.57E+11,28932651973
04-12-2020,18697.27309,3.61E+11,24299729102
05-12-2020,19157.01717,3.48E+11,26496324970
06-12-2020,19356.89417,3.55E+11,23457060480
07-12-2020,19182.83738,3.59E+11,21846972294
08-12-2020,18321.28689,3.56E+11,21850648313
09-12-2020,18561.10437,3.40E+11,26823052218
10-12-2020,18279.58479,3.45E+11,29785049450
11-12-2020,18053.18267,3.39E+11,24116344672
12-12-2020,18798.41507,3.35E+11,26030614031
13-12-2020,19147.46347,3.49E+11,22264044989
14-12-2020,19262.12245,3.56E+11,23508162547
15-12-2020,19431.79344,3.58E+11,21456540607
16-12-2020,21344.52673,3.61E+11,24171885447
17-12-2020,22800.16363,3.96E+11,39173671894
18-12-2020,23114.4901,4.24E+11,60600512953
19-12-2020,23789.17614,4.29E+11,36963844131
20-12-2020,23472.65858,4.43E+11,35155998160
21-12-2020,22752.64284,4.37E+11,32875055431
22-12-2020,23842.05483,4.24E+11,38316995065
23-12-2020,23263.34674,4.43E+11,38891361309
24-12-2020,23764.59643,4.33E+11,42260717973
25-12-2020,24698.919,4.41E+11,36809463264
26-12-2020,26484.29848,4.58E+11,36627933465
27-12-2020,26270.87857,4.92E+11,42032580891
28-12-2020,27093.08636,4.93E+11,56436582121
29-12-2020,27437.90864,5.04E+11,40945887570
30-12-2020,28920.12756,5.10E+11,38047775219
31-12-2020,29026.00013,5.36E+11,44307488496
01-01-2021,29335.38969,5.39E+11,43577489786
02-01-2021,32246.8085,5.46E+11,34046243929
03-01-2021,33176.84615,5.98E+11,57402157899
04-01-2021,31538.37032,6.14E+11,1.80E+11
05-01-2021,34041.99911,5.86E+11,74484537241
06-01-2021,36894.19501,6.34E+11,67332784512
07-01-2021,39538.92029,6.86E+11,71043026018
08-01-2021,40852.2938,7.35E+11,78549631796
09-01-2021,40291.65538,7.59E+11,82864348077
10-01-2021,38451.62126,7.49E+11,56009630449
11-01-2021,35607.99789,7.14E+11,73459780009
12-01-2021,34064.28225,6.63E+11,1.12E+11
13-01-2021,37414.36188,6.34E+11,69099475437
14-01-2021,39092.77423,6.97E+11,64899561284
15-01-2021,36886.93918,7.30E+11,57275717195
16-01-2021,36117.28803,6.84E+11,63569969078
17-01-2021,35749.88334,6.74E+11,54778830906
18-01-2021,36746.9039,6.65E+11,51100141458
19-01-2021,35977.58039,6.81E+11,46898828838
20-01-2021,35605.61226,6.72E+11,51621470012
21-01-2021,30801.66711,6.63E+11,59510579851
22-01-2021,32867.18568,5.75E+11,69150584447
23-01-2021,32066.15819,6.13E+11,69007205716
24-01-2021,32262.60571,5.97E+11,43560201918
25-01-2021,32223.07632,6.01E+11,42856610603
26-01-2021,32531.27687,6.03E+11,50130992708
27-01-2021,30537.0649,6.06E+11,48469907834
28-01-2021,33308.1809,5.67E+11,51602084985
29-01-2021,34278.87401,6.17E+11,51336978015
30-01-2021,34076.69653,6.36E+11,97491007479
31-01-2021,33040.14248,6.37E+11,52649789434
01-02-2021,33423.24271,6.16E+11,42418911518
02-02-2021,35477.9319,6.22E+11,49204476810
03-02-2021,37725.26455,6.61E+11,50615213404
04-02-2021,36899.57894,6.98E+11,50056179988
05-02-2021,38191.86438,6.86E+11,54485174502
06-02-2021,39281.63175,7.06E+11,47674804310
07-02-2021,38778.70233,7.32E+11,57072788032
08-02-2021,46502.5909,7.23E+11,53719336678
09-02-2021,46510.73678,8.62E+11,87451141911
10-02-2021,44809.8715,8.67E+11,76998746725
11-02-2021,47926.76709,8.35E+11,69749152610
12-02-2021,47399.2182,8.91E+11,66231364013
13-02-2021,47007.26367,8.83E+11,61931030919
14-02-2021,48565.32289,8.74E+11,55360405867
15-02-2021,47901.61888,9.06E+11,57595659870
16-02-2021,49211.42405,8.92E+11,61095497704
17-02-2021,52272.66828,9.17E+11,64016813059
18-02-2021,51706.49497,9.72E+11,68557122061
19-02-2021,56084.11372,9.64E+11,58342354243
20-02-2021,56312.03705,1.04E+12,71495274363
21-02-2021,57640.88906,1.05E+12,77282442045
22-02-2021,54304.14246,1.08E+12,59905312300
23-02-2021,48960.02133,1.01E+12,1.01E+11
24-02-2021,49925.73872,9.07E+11,1.17E+11
25-02-2021,46952.04449,9.29E+11,73074940830
26-02-2021,46530.65323,8.76E+11,60308776505
27-02-2021,46108.12266,8.68E+11,74131829240
28-02-2021,45089.16205,8.70E+11,50370514740
01-03-2021,49833.87704,8.38E+11,59840956484
02-03-2021,48550.02648,9.28E+11,61917717390
03-03-2021,50410.71582,9.05E+11,53175417508
04-03-2021,48556.56528,9.43E+11,59023954219
05-03-2021,49051.33514,9.09E+11,60500595034
06-03-2021,48972.75638,9.15E+11,56298115711
07-03-2021,51174.18485,9.14E+11,41428705678
08-03-2021,52406.59602,9.56E+11,46052413208
09-03-2021,54872.34559,9.76E+11,53652639628
10-03-2021,55822.47866,1.02E+12,57550095196
11-03-2021,57924.42322,1.04E+12,62986583589
12-03-2021,57228.19736,1.08E+12,64557800714
13-03-2021,61199.55659,1.07E+12,59806733589
14-03-2021,59195.39989,1.15E+12,63816753925
15-03-2021,55856.64915,1.11E+12,48071938731
16-03-2021,57141.14208,1.04E+12,70611079923
17-03-2021,59269.23466,1.06E+12,63213160784
18-03-2021,57893.99436,1.10E+12,63647269891
19-03-2021,58240.27642,1.08E+12,59452001230
20-03-2021,58253.73485,1.09E+12,51880789504
21-03-2021,57354.73992,1.09E+12,54406618887
22-03-2021,54241.39011,1.07E+12,55040960324
23-03-2021,54487.41026,1.01E+12,61889665390
24-03-2021,52526.8666,1.02E+12,60199754682
25-03-2021,51439.85779,9.83E+11,73029051195
26-03-2021,55256.56161,9.61E+11,63420934553
27-03-2021,55754.07582,1.03E+12,55574259041
28-03-2021,55856.53765,1.04E+12,47248737878
29-03-2021,57608.53207,1.04E+12,49971308993
30-03-2021,58757.17626,1.08E+12,58169876730
31-03-2021,58772.18128,1.10E+12,52355789924
01-04-2021,58754.20728,1.10E+12,56284050049
02-04-2021,58996.7194,1.10E+12,54291235964
03-04-2021,57097.27483,1.10E+12,51158707016
04-04-2021,58243.91594,1.07E+12,53188354121
05-04-2021,58833.18696,1.09E+12,46160191391
06-04-2021,58013.39701,1.10E+12,55060547645
07-04-2021,55990.20694,1.08E+12,61238654743
08-04-2021,58091.35425,1.05E+12,67362649542
09-04-2021,58136.26762,1.08E+12,48590426209
10-04-2021,59787.31234,1.09E+12,45330721125
11-04-2021,60024.61622,1.12E+12,60402342643
12-04-2021,59896.16635,1.12E+12,46834809128
13-04-2021,63643.82212,1.12E+12,55997725885
14-04-2021,63207.03625,1.19E+12,72130857529
15-04-2021,63207.55307,1.17E+12,81889706892
16-04-2021,61441.47945,1.18E+12,60511415944
17-04-2021,60096.09232,1.15E+12,86322457635
18-04-2021,56270.03373,1.13E+12,63689107006
19-04-2021,55482.73452,1.05E+12,1.02E+11
20-04-2021,56526.75134,1.04E+12,65826794712
21-04-2021,54087.57621,1.06E+12,70057327502
22-04-2021,51878.33128,1.01E+12,56015227698
23-04-2021,51261.98696,9.71E+11,77576281676
24-04-2021,50068.48132,9.57E+11,91223857770
25-04-2021,49068.54894,9.37E+11,49157548463
26-04-2021,54017.55075,9.16E+11,46293995705
27-04-2021,55092.74253,1.01E+12,60381948172
28-04-2021,54953.33206,1.03E+12,49529190557
29-04-2021,53553.57758,1.02E+12,49410865037
30-04-2021,57769.82071,1.00E+12,46724209154
01-05-2021,57807.24382,1.08E+12,55650047403
02-05-2021,56610.53603,1.08E+12,43091068953
03-05-2021,57152.91283,1.06E+12,38726120625
04-05-2021,53329.05265,1.07E+12,54016897185
05-05-2021,57409.9212,1.00E+12,70841866646
06-05-2021,56438.78369,1.07E+12,70560687426
07-05-2021,57342.39666,1.06E+12,87167327587
08-05-2021,58849.94518,1.07E+12,67998844030
09-05-2021,58420.4724,1.10E+12,66847824975
10-05-2021,55935.35291,1.09E+12,69218623298
11-05-2021,56712.7076,1.05E+12,76619293909
12-05-2021,49288.79061,1.06E+12,65791048941
13-05-2021,49989.15615,9.36E+11,75233549586
14-05-2021,49916.69899,9.35E+11,1.04E+11
15-05-2021,46682.08954,9.34E+11,56647892527
16-05-2021,46569.08186,8.75E+11,64122567496
17-05-2021,43586.90678,8.72E+11,70563014074
18-05-2021,43194.99529,8.19E+11,83519740715
19-05-2021,37083.31941,8.06E+11,65152674137
20-05-2021,40721.60104,6.98E+11,1.41E+11
21-05-2021,37422.32238,7.61E+11,95436691619
22-05-2021,37264.35215,6.99E+11,88837591158
23-05-2021,34892.6333,7.02E+11,61934301047
24-05-2021,38810.16453,6.55E+11,83955915726
25-05-2021,38381.67992,7.23E+11,72772830102
26-05-2021,39466.64279,7.15E+11,49971821254
27-05-2021,38549.24435,7.38E+11,47105915298
28-05-2021,35744.45774,7.21E+11,40753173035
29-05-2021,34684.12868,6.69E+11,49765474780
30-05-2021,35738.46354,6.51E+11,42345874465
31-05-2021,37289.21359,6.69E+11,30660532566
01-06-2021,36687.78447,6.99E+11,37937116201
02-06-2021,37602.11469,6.87E+11,33550713406
03-06-2021,39348.32439,7.05E+11,31174058929
04-06-2021,36840.68282,7.33E+11,34377138760
05-06-2021,35600.44559,6.92E+11,39174226676
06-06-2021,35840.58655,6.67E+11,34062669844
07-06-2021,33618.5805,6.71E+11,27613647115
08-06-2021,33482.74874,6.27E+11,33577332117
09-06-2021,37456.09602,6.27E+11,46479876856
10-06-2021,36691.50937,7.02E+11,54452754884
11-06-2021,37296.72135,6.87E+11,41783019840
12-06-2021,35679.37288,6.99E+11,36300708521
13-06-2021,39169.33249,6.68E+11,35607807580
14-06-2021,40660.85506,7.33E+11,38201067214
15-06-2021,40188.2339,7.61E+11,45785374441
16-06-2021,38341.25425,7.57E+11,36420191315
17-06-2021,38185.85184,7.18E+11,36540850553
18-06-2021,35773.76502,7.16E+11,36281365661
19-06-2021,35681.02612,6.70E+11,35094656897
20-06-2021,35779.09687,6.67E+11,28887424266
21-06-2021,31504.83077,6.71E+11,35544895835
22-06-2021,32494.87084,5.94E+11,51677898593
23-06-2021,33713.03809,6.07E+11,57444461945
24-06-2021,34698.71537,6.32E+11,39667329024
25-06-2021,31666.29788,6.50E+11,31872421143
26-06-2021,32287.02699,5.99E+11,38379374993
27-06-2021,34624.69013,6.00E+11,37185228681
28-06-2021,34578.04752,6.49E+11,34342925508
29-06-2021,35859.16523,6.48E+11,32279136776
30-06-2021,35062.77796,6.74E+11,35027294332
01-07-2021,33655.70045,6.59E+11,30875526074
02-07-2021,33988.47625,6.30E+11,29099868971
03-07-2021,34788.71456,6.36E+11,25026661896
04-07-2021,35260.58464,6.52E+11,22998457589
05-07-2021,33906.62832,6.64E+11,22705455332
06-07-2021,34197.81831,6.36E+11,25873493620
07-07-2021,33903.96663,6.40E+11,26146418045
08-07-2021,32809.0449,6.36E+11,23677276996
09-07-2021,33925.33055,6.15E+11,28590842249
10-07-2021,33667.12279,6.37E+11,24244614785
11-07-2021,34295.40271,6.31E+11,20541401993
12-07-2021,33260.85278,6.43E+11,17797054347
13-07-2021,32728.91958,6.23E+11,21765772997
14-07-2021,32897.37849,6.14E+11,19925277336
15-07-2021,31866.76455,6.17E+11,21779113873
16-07-2021,31404.36551,5.95E+11,21648162832
17-07-2021,31606.28133,5.88E+11,22555579805
18-07-2021,31900.09921,5.93E+11,17940165195
19-07-2021,30892.30602,5.99E+11,17714546779
20-07-2021,29916.70505,5.80E+11,20028405417
21-07-2021,32313.67042,5.62E+11,22953114158
22-07-2021,32385.97261,6.05E+11,29051525758
23-07-2021,33518.75351,6.08E+11,19706223990
24-07-2021,34296.87267,6.29E+11,23086219264
25-07-2021,35527.01137,6.44E+11,22050085527
26-07-2021,37226.65332,6.65E+11,21143071556
27-07-2021,39209.39762,6.99E+11,53475930016
28-07-2021,40050.36417,7.36E+11,36517433388
29-07-2021,39985.16833,7.51E+11,41323967486
30-07-2021,41980.93724,7.50E+11,28721113107
31-07-2021,41699.53664,7.88E+11,35603352466
01-08-2021,39985.18212,7.84E+11,28204690643
02-08-2021,39116.56514,7.51E+11,28615358252
03-08-2021,38175.78192,7.37E+11,27880118896
04-08-2021,39751.70005,7.17E+11,28311344761
05-08-2021,40808.80039,7.47E+11,27496040700
06-08-2021,42813.24774,7.66E+11,38513389186
07-08-2021,44644.72963,8.04E+11,40796918966
08-08-2021,43780.323,8.38E+11,42755897306
09-08-2021,46287.90245,8.22E+11,39461431364
10-08-2021,45628.13626,8.62E+11,42617117809
11-08-2021,45578.40314,8.57E+11,35641608575
12-08-2021,44539.5903,8.57E+11,35795722610
13-08-2021,47760.11209,8.36E+11,36083641742
14-08-2021,47132.7668,8.95E+11,34381934072
15-08-2021,47088.28789,8.87E+11,33275836866
16-08-2021,45999.28365,8.83E+11,32871133747
17-08-2021,44654.58829,8.66E+11,34207318300
18-08-2021,44790.94581,8.37E+11,34545873416
19-08-2021,46807.87305,8.44E+11,34525415275
20-08-2021,49261.00435,8.68E+11,38428674321
21-08-2021,48867.87658,9.25E+11,36329348540
22-08-2021,49314.73303,9.19E+11,42063193815
23-08-2021,49427.83453,9.26E+11,27106847689
24-08-2021,47804.61764,9.31E+11,35713502090
25-08-2021,48989.51208,8.99E+11,38354470598
26-08-2021,47137.31706,9.21E+11,33551720655
27-08-2021,49088.4024,8.88E+11,33548882780
28-08-2021,48945.73859,9.23E+11,34617532774
29-08-2021,48813.55116,9.20E+11,28326049647
30-08-2021,47081.44809,9.20E+11,26174160361
31-08-2021,47269.61219,8.86E+11,32276959018
01-09-2021,48871.36114,8.90E+11,34770541609
02-09-2021,49341.32343,9.18E+11,39087803599
03-09-2021,50027.64294,9.28E+11,39387086111
04-09-2021,49965.17323,9.41E+11,43019523066
05-09-2021,51677.24525,9.40E+11,36953204581
06-09-2021,52724.9789,9.72E+11,31559702323
07-09-2021,47034.77722,9.92E+11,37445327273
08-09-2021,46186.55342,8.84E+11,64066017729
09-09-2021,46514.6449,8.67E+11,48235297016
10-09-2021,44929.75056,8.75E+11,38486785577
11-09-2021,45267.63169,8.44E+11,38148778479
12-09-2021,46189.77116,8.52E+11,34198247994
13-09-2021,44996.63139,8.69E+11,27539790664
14-09-2021,47157.63932,8.48E+11,39832561230
15-09-2021,48206.57813,8.87E+11,38624705228
16-09-2021,47846.03643,9.07E+11,30065291174
17-09-2021,47466.29834,9.01E+11,31518712534
18-09-2021,48348.71804,8.93E+11,28389790515
19-09-2021,47248.45425,9.09E+11,28155760033
20-09-2021,43016.73832,8.92E+11,26391604958
21-09-2021,40554.38379,8.10E+11,41378846690
22-09-2021,43602.01639,7.62E+11,46175506203
23-09-2021,44992.10236,8.20E+11,36445446729
24-09-2021,42865.02476,8.47E+11,33502873182
25-09-2021,42823.63251,8.10E+11,43108048457
26-09-2021,43282.30445,8.08E+11,30890712732
27-09-2021,42082.83631,8.16E+11,30336696230
28-09-2021,41002.93401,7.95E+11,30377933480
29-09-2021,41647.14735,7.72E+11,29764269982
30-09-2021,43886.73627,7.84E+11,30099643080
01-10-2021,48267.1641,8.26E+11,30837718911
02-10-2021,47862.63318,9.08E+11,42284854126
03-10-2021,48259.08237,9.02E+11,29834752196
04-10-2021,49261.93234,9.09E+11,25932338501
05-10-2021,51618.14135,9.28E+11,32719595291
06-10-2021,55409.83638,9.72E+11,35578591630
07-10-2021,53807.37283,1.04E+12,48470651415
08-10-2021,54054.17388,1.02E+12,35676755544
09-10-2021,54964.50516,1.02E+12,33907614871
10-10-2021,54755.33872,1.04E+12,31888542872
11-10-2021,57552.5108,1.03E+12,39084303123
12-10-2021,56278.20212,1.08E+12,41902236630
13-10-2021,57542.88604,1.06E+12,40008387227
14-10-2021,57446.04373,1.08E+12,41247801649
15-10-2021,61763.54271,1.08E+12,35936398017
16-10-2021,61126.56984,1.16E+12,53593205112
17-10-2021,61544.74519,1.15E+12,35358223629
18-10-2021,62013.357,1.16E+12,29571030584
19-10-2021,64482.46191,1.17E+12,38739369516
20-10-2021,66282.10362,1.22E+12,42536519500
21-10-2021,62178.64108,1.25E+12,42701411503
22-10-2021,61001.27633,1.18E+12,48379709732
23-10-2021,61641.33644,1.15E+12,40763366118
24-10-2021,61119.93511,1.16E+12,29108870238
25-10-2021,63346.13642,1.15E+12,29215432184
26-10-2021,60686.51706,1.19E+12,31625607590
27-10-2021,58593.75064,1.14E+12,34261166995
28-10-2021,60848.01261,1.11E+12,43922739693
29-10-2021,62376.05977,1.15E+12,52291601036
30-10-2021,62013.43721,1.18E+12,39687121759
31-10-2021,61367.72564,1.17E+12,31950792049
01-11-2021,61041.97809,1.16E+12,32444578308
02-11-2021,63283.05522,1.15E+12,35761548410
03-11-2021,63025.08968,1.19E+12,37347567791
04-11-2021,61585.72599,1.19E+12,36507122403
05-11-2021,61276.76391,1.16E+12,33045136463
06-11-2021,61682.55107,1.15E+12,31169985773
07-11-2021,63432.56687,1.16E+12,31401759116
08-11-2021,67538.87721,1.19E+12,25117272339
09-11-2021,67087.02088,1.28E+12,1.05E+11
10-11-2021,65063.01834,1.27E+12,41091486603
11-11-2021,64947.21819,1.23E+12,48622148654
12-11-2021,64424.95101,1.23E+12,35408277413
13-11-2021,64654.44143,1.22E+12,36965562575
14-11-2021,65858.07596,1.22E+12,29530593106
15-11-2021,63857.76646,1.24E+12,26237606191
16-11-2021,60398.82607,1.21E+12,32062365002
17-11-2021,60613.39049,1.14E+12,48886513629
18-11-2021,57298.29626,1.14E+12,39302344968
19-11-2021,58499.93592,1.08E+12,42068494230
20-11-2021,60003.79297,1.10E+12,37888714815
21-11-2021,59147.74906,1.13E+12,29547017139
22-11-2021,56299.92262,1.12E+12,25772598368
23-11-2021,57706.70685,1.06E+12,34030864360
24-11-2021,57196.30154,1.09E+12,36347555949
25-11-2021,58904.81767,1.08E+12,31701108318
26-11-2021,53816.0147,1.11E+12,32709776288
27-11-2021,54706.45858,1.02E+12,41346830681
28-11-2021,57235.04951,1.03E+12,28370879887
29-11-2021,57759.58092,1.08E+12,27121622084
30-11-2021,56916.57505,1.09E+12,30317921512
01-12-2021,57158.88853,1.08E+12,35594769461
02-12-2021,56565.20801,1.08E+12,49404930140
03-12-2021,53784.25338,1.07E+12,36105224808
04-12-2021,49348.75264,1.02E+12,39646450204
05-12-2021,49370.4596,9.29E+11,57943344294
06-12-2021,50555.46698,9.31E+11,33074043611
07-12-2021,50619.42045,9.53E+11,36240701312
08-12-2021,50479.77798,9.57E+11,29881744385
09-12-2021,47746.62457,9.55E+11,25906442833
10-12-2021,47300.39736,9.05E+11,27173043148
11-12-2021,49251.93056,8.94E+11,29560306378
12-12-2021,50057.19319,9.31E+11,24602043503
13-12-2021,46678.54936,9.46E+11,19543411822
14-12-2021,48306.04111,8.83E+11,29165267823
15-12-2021,48933.07075,9.15E+11,30026136841
16-12-2021,47719.47142,9.25E+11,33794888086
17-12-2021,46258.08375,9.02E+11,24733746594
18-12-2021,46903.55943,8.76E+11,30510748370
19-12-2021,46769.9461,8.88E+11,23191315480
20-12-2021,47122.77139,8.85E+11,23009991770
21-12-2021,49058.23886,8.91E+11,29291836852
22-12-2021,48777.6404,9.29E+11,25793043748
23-12-2021,50927.61393,9.22E+11,21883395893
24-12-2021,50923.53023,9.62E+11,26401123470
25-12-2021,50478.27013,9.62E+11,22552045588
26-12-2021,50868.79293,9.58E+11,17254208361
27-12-2021,50731.66915,9.62E+11,19492070859
28-12-2021,47654.16775,9.60E+11,22814387120
29-12-2021,46574.82281,9.03E+11,29453072206
30-12-2021,47204.90002,8.80E+11,26178714326
31-12-2021,46380.70948,8.93E+11,23572775290
01-01-2022,47806.77318,8.76E+11,25734940821
02-01-2022,47371.10779,9.05E+11,18890533380
03-01-2022,46538.32782,8.98E+11,33696882244
04-01-2022,45872.98059,8.80E+11,21900840703
05-01-2022,43526.03699,8.76E+11,24858256049
06-01-2022,43200.97848,8.26E+11,31586099643
07-01-2022,41531.51306,8.18E+11,26160731712
08-01-2022,41670.2924,7.88E+11,79750348370
09-01-2022,41888.48386,7.89E+11,23294172677
10-01-2022,41890.54524,7.93E+11,18037514279
11-01-2022,42811.1491,7.92E+11,27997609678
12-01-2022,43946.34497,8.10E+11,22835698320
13-01-2022,42563.42725,8.32E+11,29933322890
14-01-2022,43191.97078,8.07E+11,43876072000
15-01-2022,43173.14113,8.16E+11,20201551929
16-01-2022,43137.95459,8.18E+11,14617261445
17-01-2022,42311.13097,8.16E+11,14444976473
18-01-2022,42400.77552,8.01E+11,17659149374
19-01-2022,41752.213,8.03E+11,18820050177
20-01-2022,40667.16631,7.91E+11,19635646276
21-01-2022,36385.34136,7.71E+11,20983084142
22-01-2022,35218.92091,6.93E+11,38188560179
23-01-2022,36264.71433,6.66E+11,35477445373
24-01-2022,36675.0456,6.88E+11,22813316574
25-01-2022,36954.61834,6.96E+11,36278831894
26-01-2022,36886.15672,7.01E+11,45817857192
27-01-2022,37367.36459,6.99E+11,26766049954
28-01-2022,37782.44461,7.06E+11,21603712398
29-01-2022,38254.28243,7.17E+11,19101418104
30-01-2022,37994.86231,7.25E+11,14132454636
31-01-2022,38429.63212,7.20E+11,11850715506
01-02-2022,38801.34254,7.30E+11,17621834856
02-02-2022,37051.56136,7.36E+11,17111722026
03-02-2022,37282.29962,7.01E+11,16814225872
04-02-2022,41616.79816,7.03E+11,16210608368
05-02-2022,41518.32114,7.89E+11,25321863120
06-02-2022,42413.11747,7.86E+11,16473806142
07-02-2022,43978.45246,8.05E+11,13206902660
08-02-2022,44166.38408,8.32E+11,24141860191
09-02-2022,44390.09438,8.37E+11,29082592909
10-02-2022,43476.56413,8.41E+11,19798378349
11-02-2022,42436.80708,8.27E+11,27788846233
12-02-2022,42267.77002,8.04E+11,22937029974
13-02-2022,42171.73985,8.01E+11,15524104238
14-02-2022,42626.20005,8.01E+11,12185577285
15-02-2022,44526.56893,8.08E+11,18123549551
16-02-2022,43953.748,8.44E+11,19635419712
17-02-2022,40558.25853,8.35E+11,16826890217
18-02-2022,40056.03764,7.69E+11,22059111238
19-02-2022,40187.95201,7.60E+11,19666540384
20-02-2022,38511.73629,7.62E+11,11508731083
21-02-2022,37161.75974,7.30E+11,15999581862
22-02-2022,38301.54933,7.04E+11,25341125833
23-02-2022,37318.09462,7.27E+11,22127908495
24-02-2022,38361.34138,7.09E+11,18486379437
25-02-2022,39256.27713,7.28E+11,40440513478
26-02-2022,39178.5146,7.46E+11,22529825286
27-02-2022,37788.41695,7.41E+11,14623587724
28-02-2022,43285.8208,7.18E+11,19415387808
01-03-2022,44416.80608,8.20E+11,29876833443
02-03-2022,43975.46707,8.43E+11,27837786732
03-03-2022,42487.97023,8.34E+11,25215482634
04-03-2022,39205.55965,8.06E+11,22113158020
05-03-2022,39465.92351,7.44E+11,25010695303
06-03-2022,38469.82808,7.48E+11,14796072189
07-03-2022,38031.53343,7.30E+11,17015085804
08-03-2022,38736.17039,7.23E+11,24216956609
09-03-2022,41912.93529,7.35E+11,22505514412
10-03-2022,39437.05656,7.97E+11,28847943225
11-03-2022,38750.70259,7.49E+11,27719993543
12-03-2022,38813.85223,7.36E+11,23569785240
13-03-2022,37866.51987,7.38E+11,12422580329
14-03-2022,39698.84346,7.19E+11,14456602668
15-03-2022,39309.47428,7.53E+11,21185332129
16-03-2022,41128.90724,7.47E+11,20777452593
17-03-2022,40942.96116,7.80E+11,34717230635
18-03-2022,41827.83826,7.78E+11,18853240176
19-03-2022,42223.22056,7.94E+11,30191987938
20-03-2022,41249.33316,8.01E+11,16407852372
21-03-2022,41008.53029,7.84E+11,16865170845
22-03-2022,42369.94655,7.79E+11,21210468420
23-03-2022,42844.97161,8.04E+11,28687053402
24-03-2022,43938.76277,8.14E+11,21967929053
25-03-2022,44297.75318,8.34E+11,26227894077
26-03-2022,44482.96196,8.42E+11,25857678069
27-03-2022,46723.33261,8.45E+11,13661822071
28-03-2022,47060.54789,8.87E+11,22604566090
29-03-2022,47450.73751,8.93E+11,30156958750
30-03-2022,47031.13686,9.02E+11,26038288271
31-03-2022,45527.56131,8.94E+11,24371830399
01-04-2022,46228.897,8.65E+11,27506839725
02-04-2022,45846.67961,8.79E+11,32904547036
03-04-2022,46361.02787,8.71E+11,24490259600
04-04-2022,46609.66126,8.82E+11,21468043828
05-04-2022,45561.09897,8.86E+11,27856922939
06-04-2022,43237.35532,8.67E+11,25286684932
07-04-2022,43488.16193,8.21E+11,34002430717
08-04-2022,42307.16837,8.27E+11,22710990780
09-04-2022,42806.94493,8.04E+11,23690396946
10-04-2022,42249.49013,8.13E+11,13928999336
11-04-2022,39552.83023,8.04E+11,14832274313
12-04-2022,40101.05112,7.52E+11,30142799238
13-04-2022,41231.70768,7.64E+11,27716054248
14-04-2022,39994.42153,7.84E+11,25457060218
15-04-2022,40592.3025,7.60E+11,22717962164
16-04-2022,40443.36362,7.72E+11,21917306895
17-04-2022,39717.18128,7.69E+11,15754007492
18-04-2022,40832.82231,7.56E+11,16623604396
19-04-2022,41468.10339,7.76E+11,30379874901
20-04-2022,41384.05947,7.89E+11,22694796924
21-04-2022,40431.94531,7.87E+11,24969401075
22-04-2022,39757.35143,7.71E+11,32106411859
23-04-2022,39498.56145,7.56E+11,45943334837
24-04-2022,39469.04986,7.52E+11,14999708317
25-04-2022,40458.13158,7.51E+11,16779218473
26-04-2022,38134.21545,7.70E+11,32822746914
27-04-2022,39223.93281,7.25E+11,31057785298
28-04-2022,39741.76665,7.46E+11,27817317702
29-04-2022,38650.55014,7.56E+11,31484499883
30-04-2022,37820.61177,7.35E+11,27741098093
01-05-2022,38537.65477,7.20E+11,20945675146
02-05-2022,38561.5654,7.33E+11,24856240720
03-05-2022,37758.49611,7.34E+11,29826454817
04-05-2022,39699.02404,7.19E+11,23069843852
05-05-2022,36612.22955,7.56E+11,31755609266
06-05-2022,36075.60764,6.97E+11,37415095679
07-05-2022,35557.83578,6.87E+11,32160897450
08-05-2022,34070.3122,6.77E+11,19180646757
09-05-2022,31168.68373,6.49E+11,30849745698
10-05-2022,31026.93387,5.95E+11,57538891623
11-05-2022,29132.32342,5.91E+11,54100648217
12-05-2022,29126.11598,5.55E+11,66154295652
13-05-2022,29362.73982,5.55E+11,61324171012
14-05-2022,30185.81837,5.59E+11,70900575152
15-05-2022,31319.30911,5.75E+11,25725645360
16-05-2022,29923.60699,5.96E+11,22945763681
17-05-2022,30502.19328,5.70E+11,28417653736
18-05-2022,28772.2005,5.81E+11,24964241165
19-05-2022,30289.31088,5.48E+11,26192007433
20-05-2022,29256.81337,5.77E+11,28837793646
21-05-2022,29491.50795,5.57E+11,25978916957
22-05-2022,30351.05042,5.62E+11,13560730989
23-05-2022,29396.05193,5.78E+11,17199930155
24-05-2022,29646.88125,5.59E+11,26447924988
25-05-2022,29573.17223,5.65E+11,23462969600
26-05-2022,29348.79053,5.64E+11,23115830131
27-05-2022,28645.69654,5.59E+11,32048622749
28-05-2022,29082.06348,5.46E+11,31435207261
29-05-2022,29497.24591,5.54E+11,15142316085
30-05-2022,31737.42315,5.62E+11,14412311558
31-05-2022,31813.8306,6.05E+11,34941822953
01-06-2022,29822.07229,6.07E+11,29696256801
02-06-2022,30447.35113,5.68E+11,35481659622
03-06-2022,29704.43893,5.81E+11,23948571192
04-06-2022,29857.84042,5.66E+11,21706850553
05-06-2022,29919.48591,5.69E+11,12896724394
06-06-2022,31343.07477,5.70E+11,13370641081
07-06-2022,31233.35422,5.98E+11,27638128536
08-06-2022,30233.66224,5.96E+11,36150208149
09-06-2022,30097.07985,5.76E+11,27007900980
10-06-2022,29099.97493,5.74E+11,18847006743
11-06-2022,28432.48893,5.55E+11,25726029572
12-06-2022,26627.53091,5.41E+11,22641181733
13-06-2022,22501.17062,5.09E+11,29688613603
14-06-2022,22223.15211,4.29E+11,64715746713
15-06-2022,22583.87903,4.24E+11,46923598866
16-06-2022,20377.98594,4.30E+11,51727087047
17-06-2022,20470.30115,3.89E+11,27044149040
18-06-2022,19032.3961,3.90E+11,24156099509
19-06-2022,20552.80603,3.63E+11,38883182631
20-06-2022,20619.58948,3.91E+11,32524249855
21-06-2022,20697.50473,3.93E+11,28021418123
22-06-2022,19976.54222,3.95E+11,25113458090
23-06-2022,21099.02208,3.81E+11,24689295377
24-06-2022,21275.34159,4.02E+11,23594118814
25-06-2022,21505.67178,4.06E+11,21793765947
26-06-2022,21054.74495,4.10E+11,16066117910
27-06-2022,20759.20919,4.02E+11,15268570550
28-06-2022,20270.54829,3.96E+11,17670594572
29-06-2022,20122.42784,3.87E+11,18005582363
30-06-2022,19627.96939,3.84E+11,20768645770
01-07-2022,19314.61029,3.74E+11,23157060969
02-07-2022,19261.54748,3.69E+11,28255234225
03-07-2022,19317.44755,3.68E+11,14533663294
04-07-2022,20249.97822,3.69E+11,14004615598
05-07-2022,20188.12638,3.87E+11,18647946684
06-07-2022,20568.06686,3.85E+11,23574684279
07-07-2022,21641.03011,3.92E+11,21673888745
08-07-2022,21767.3702,4.13E+11,21850451229
09-07-2022,21600.46747,4.17E+11,46544278974
10-07-2022,20867.40398,4.13E+11,26402716721
11-07-2022,19961.6259,3.98E+11,24829951630
12-07-2022,19367.80643,3.82E+11,21339990934
13-07-2022,20271.47219,3.70E+11,22119539235
14-07-2022,20594.75462,3.86E+11,28520387193
15-07-2022,20843.673,3.93E+11,28789839158
16-07-2022,21175.60988,3.98E+11,46719297205
17-07-2022,20802.93987,4.05E+11,42006070422
18-07-2022,22441.05264,3.97E+11,29511157913
19-07-2022,23359.16439,4.29E+11,58934776785
20-07-2022,23216.59022,4.46E+11,56908032407
21-07-2022,23141.98059,4.43E+11,40695396500
22-07-2022,22700.09821,4.42E+11,62863339753
23-07-2022,22484.26154,4.33E+11,40058898264
24-07-2022,22606.21711,4.29E+11,42342523195
25-07-2022,21318.77787,4.34E+11,33072859869
26-07-2022,21222.71193,4.07E+11,42662237871
27-07-2022,22946.38473,4.06E+11,53752480507
28-07-2022,23848.95476,4.38E+11,54677337829
29-07-2022,23857.80595,4.56E+11,55364145714
30-07-2022,23644.22335,4.60E+11,41102474656
31-07-2022,23344.85587,4.52E+11,61888339313
01-08-2022,23304.15719,4.46E+11,31761995845
02-08-2022,23052.94643,4.46E+11,44274191549
03-08-2022,22853.39093,4.41E+11,35014881201
04-08-2022,22670.80547,4.37E+11,41219729642
05-08-2022,23270.98863,4.33E+11,23663397892
06-08-2022,22980.87985,4.45E+11,27148966540
07-08-2022,23205.13974,4.39E+11,14404819474
08-08-2022,23849.15263,4.43E+11,14293535042
09-08-2022,23119.49045,4.55E+11,27806433790
10-08-2022,23956.11493,4.43E+11,29801866585
11-08-2022,23950.90075,4.57E+11,32374160720
12-08-2022,24402.44034,4.58E+11,33737661108
13-08-2022,24439.40504,4.67E+11,25070756639
14-08-2022,24365.97244,4.67E+11,22293418162
15-08-2022,24146.45834,4.65E+11,21417287253
16-08-2022,23898.44354,4.62E+11,33626093665
17-08-2022,23372.85006,4.57E+11,25101812178
18-08-2022,23246.26131,4.47E+11,29692212256
19-08-2022,20848.94903,4.45E+11,19948502853
20-08-2022,21156.59747,4.01E+11,35296652475
21-08-2022,21546.12163,4.05E+11,23603479955
22-08-2022,21404.15448,4.14E+11,20470764590
23-08-2022,21553.27841,4.09E+11,28947185920
24-08-2022,21393.11182,4.12E+11,29280192758
25-08-2022,21599.29299,4.10E+11,26836250429
26-08-2022,20267.18642,4.14E+11,26840495660
27-08-2022,20053.7343,3.87E+11,34948345347
28-08-2022,19652.46393,3.84E+11,24089081904
29-08-2022,20321.74427,3.76E+11,19939787559
30-08-2022,19810.92814,3.89E+11,28553154346
31-08-2022,20021.14385,3.80E+11,30362399308
01-09-2022,20141.16741,3.83E+11,27765438934
02-09-2022,19963.42715,3.85E+11,25605923526
03-09-2022,19826.53973,3.82E+11,24801948627
04-09-2022,19991.92229,3.79E+11,20107521140
05-09-2022,19774.58145,3.83E+11,21579249599
06-09-2022,18845.69035,3.79E+11,23530666885
07-09-2022,19356.29142,3.61E+11,40207625313
08-09-2022,19315.36529,3.69E+11,30248220425
09-09-2022,21373.05188,3.70E+11,28909464667
10-09-2022,21714.87203,4.09E+11,42647074659
11-09-2022,21741.56983,4.16E+11,33168952128
12-09-2022,22338.5656,4.16E+11,31242900526
13-09-2022,20177.75074,4.27E+11,43993283855
14-09-2022,20238.82317,3.87E+11,46273682406
15-09-2022,19706.11884,3.87E+11,35933278348
16-09-2022,19763.99437,3.78E+11,33720923386
17-09-2022,20129.87778,3.79E+11,29996962034
18-09-2022,19440.93217,3.85E+11,23374295676
19-09-2022,19546.40914,3.73E+11,29427607655
20-09-2022,18874.85456,3.75E+11,39607334383
21-09-2022,18527.80187,3.62E+11,33878194663
22-09-2022,19447.84084,3.55E+11,41063769880
23-09-2022,19309.22301,3.72E+11,37600013941
24-09-2022,18936.69528,3.71E+11,36194352079
25-09-2022,18787.31368,3.63E+11,24580564791
26-09-2022,19200.80598,3.60E+11,21546296653
27-09-2022,19114.89608,3.68E+11,41911720634
28-09-2022,19443.68679,3.66E+11,52317760392
29-09-2022,19563.7767,3.73E+11,47478752436
30-09-2022,19467.9281,3.75E+11,37559068691
01-10-2022,19316.65564,3.73E+11,37630676087
02-10-2022,19077.03529,3.70E+11,15914932522
03-10-2022,19619.67055,3.66E+11,17911614695
04-10-2022,20343.8493,3.76E+11,25945701779
05-10-2022,20156.82663,3.90E+11,30910537901
06-10-2022,19952.43018,3.86E+11,29245923443
07-10-2022,19494.51154,3.83E+11,31247836020
08-10-2022,19419.39837,3.74E+11,23985262606
09-10-2022,19448.93507,3.72E+11,13011575800
10-10-2022,19137.01396,3.72E+11,14516979458
11-10-2022,19060.70279,3.67E+11,23744467821
12-10-2022,19152.89412,3.65E+11,25093402512
13-10-2022,19381.59843,3.67E+11,22334221773
14-10-2022,19194.64319,3.72E+11,36974369564
15-10-2022,19077.79244,3.68E+11,34660702061
16-10-2022,19274.21494,3.66E+11,13069224374
17-10-2022,19563.5931,3.70E+11,15677363658
18-10-2022,19330.45574,3.75E+11,23648554043
19-10-2022,19130.74341,3.71E+11,25921688586
20-10-2022,19068.87265,3.67E+11,23077757264
21-10-2022,19171.04658,3.65E+11,25859916448
22-10-2022,19207.75599,3.68E+11,30271201662
23-10-2022,19560.98181,3.68E+11,13142834421
24-10-2022,19321.00903,3.75E+11,19954134198
25-10-2022,20096.2554,3.71E+11,28587015003
26-10-2022,20780.8899,3.85E+11,40042003390
27-10-2022,20281.81419,3.99E+11,50680930191
28-10-2022,20585.14095,3.89E+11,41696028745
29-10-2022,20818.10494,3.95E+11,36264736996
30-10-2022,20623.80289,3.99E+11,32701896984
31-10-2022,20493.3231,3.96E+11,24698215731
01-11-2022,20489.14602,3.93E+11,37269725212
02-11-2022,20161.31959,3.93E+11,32238166677
03-11-2022,20206.12249,3.87E+11,44466433514
04-11-2022,21147.35438,3.88E+11,36171763872
05-11-2022,21279.72936,4.06E+11,4.29E+11
06-11-2022,20921.82227,4.09E+11,3.27E+11
07-11-2022,20600.32277,4.02E+11,3.04E+11
08-11-2022,18579.39397,3.95E+11,4.02E+11
09-11-2022,15920.7901,3.57E+11,91548661191
10-11-2022,17602.78987,3.02E+11,75551583083
11-11-2022,17088.94078,3.37E+11,64990125057
12-11-2022,16794.65243,3.26E+11,44946257332
13-11-2022,16335.29162,3.22E+11,21690940015
14-11-2022,16632.60996,3.14E+11,20398778976
15-11-2022,16901.93899,3.21E+11,37474331353
16-11-2022,16677.86618,3.25E+11,28646845354
17-11-2022,16711.91942,3.20E+11,27081921090
18-11-2022,16705.26103,3.21E+11,21983223584
19-11-2022,16711.873,3.21E+11,20974029490
20-11-2022,16298.41151,3.21E+11,11565744639
21-11-2022,15794.3276,3.13E+11,15614337133
22-11-2022,16225.0919,3.04E+11,31187812282
23-11-2022,16633.46357,3.11E+11,25149102637
24-11-2022,16605.79929,3.19E+11,26945481402
25-11-2022,16521.12987,3.19E+11,20931150431
26-11-2022,16465.29256,3.18E+11,18959535573
27-11-2022,16456.69174,3.16E+11,18135971925
28-11-2022,16222.49921,3.16E+11,16548435142
29-11-2022,16446.87961,3.12E+11,24547289835
30-11-2022,17224.40803,3.16E+11,24652354979
01-12-2022,16978.82381,3.31E+11,30617595384
02-12-2022,17146.57292,3.26E+11,23327435212
03-12-2022,16914.4888,3.28E+11,21123185098
04-12-2022,17133.31404,3.25E+11,16780491536
05-12-2022,16973.11922,3.29E+11,18164065957
06-12-2022,17076.34241,3.27E+11,23190567163
07-12-2022,16849.19136,3.28E+11,20941340957
08-12-2022,17226.03705,3.24E+11,21103480697
09-12-2022,17138.34516,3.31E+11,22817531375
10-12-2022,17121.25822,3.30E+11,23005525573
11-12-2022,17030.47031,3.29E+11,14238986678
12-12-2022,17213.99023,3.29E+11,15822615636
13-12-2022,17777.45874,3.31E+11,21543474434
14-12-2022,17819.97887,3.42E+11,29104998379
15-12-2022,17339.04131,3.43E+11,27339306534
16-12-2022,16650.24962,3.34E+11,22771635360
17-12-2022,16783.5334,3.20E+11,22424457128
18-12-2022,16752.11226,3.23E+11,14911583689
19-12-2022,16454.22245,3.22E+11,11010886168
20-12-2022,16916.07097,3.16E+11,17786774597
21-12-2022,16822.63989,3.25E+11,24920330814
22-12-2022,16830.38507,3.23E+11,16078006998
23-12-2022,16793.80188,3.24E+11,17853137873
24-12-2022,16844.14432,3.23E+11,16683104362
25-12-2022,16842.72026,3.24E+11,10129067320
26-12-2022,16895.75354,3.24E+11,12569852460
27-12-2022,16699.69214,3.25E+11,12712154422
28-12-2022,16541.37713,3.21E+11,17338854733
29-12-2022,16646.17047,3.18E+11,19119352414
30-12-2022,16609.13432,3.20E+11,15812145244
31-12-2022,16542.45615,3.20E+11,17497608669
01-01-2023,16619.06753,3.18E+11,11979309065
02-01-2023,16671.67524,3.20E+11,9818171061
03-01-2023,16676.36031,3.21E+11,13020145918
04-01-2023,16859.8201,3.21E+11,15332313488
05-01-2023,16831.555,3.24E+11,20714856167
06-01-2023,16957.15964,3.24E+11,14909153468
07-01-2023,16952.24756,3.27E+11,18887242666
08-01-2023,17144.93177,3.26E+11,9582260789
09-01-2023,17191.95219,3.29E+11,12385079762
10-01-2023,17440.38389,3.31E+11,25185626746
11-01-2023,17987.02093,3.36E+11,21736821684
12-01-2023,18865.25501,3.47E+11,25446872431
13-01-2023,19935.6989,3.63E+11,47484496774
14-01-2023,20922.63684,3.84E+11,39355530106
15-01-2023,20906.04014,4.05E+11,49189831218
16-01-2023,21167.445,4.03E+11,23163320447
17-01-2023,21133.22855,4.08E+11,34818423677
18-01-2023,20721.04021,4.07E+11,33313332752
19-01-2023,21089.76082,3.99E+11,40552708953
20-01-2023,22653.53615,4.06E+11,29054730951
21-01-2023,22768.41691,4.37E+11,41080078133
22-01-2023,22689.77157,4.39E+11,43774674279
23-01-2023,22911.56734,4.38E+11,34293811424
24-01-2023,22630.02981,4.42E+11,36966896733
25-01-2023,23073.57909,4.36E+11,35723848061
26-01-2023,23037.80289,4.47E+11,42885263061
27-01-2023,23084.50815,4.44E+11,37043838682
28-01-2023,23008.0788,4.45E+11,35957074813
29-01-2023,23755.2314,4.44E+11,19564951193
30-01-2023,22846.01822,4.58E+11,38365828877
31-01-2023,23145.87,4.39E+11,38566244102
01-02-2023,23757.10793,4.46E+11,32521755575
02-02-2023,23519.65516,4.57E+11,37520481526
03-02-2023,23438.13439,4.54E+11,44954538489
04-02-2023,23339.60829,4.52E+11,40977823296
05-02-2023,22947.52379,4.50E+11,18043754470
06-02-2023,22803.08279,4.43E+11,26862050153
07-02-2023,23259.39942,4.39E+11,33906351831
08-02-2023,22959.23836,4.49E+11,38234558832
09-02-2023,21809.95394,4.43E+11,34258320697
10-02-2023,21643.69916,4.21E+11,51173702827
11-02-2023,21889.57913,4.18E+11,42081467120
12-02-2023,21825.33904,4.22E+11,20796431321
13-02-2023,21791.65589,4.21E+11,26114670171
14-02-2023,22167.68788,4.21E+11,36923668351
15-02-2023,24323.33303,4.29E+11,45167744855
16-02-2023,23608.10831,4.69E+11,44347987579
17-02-2023,24623.695,4.55E+11,48455060157
18-02-2023,24635.85003,4.75E+11,53222608541
19-02-2023,24302.39711,4.75E+11,24817726796
20-02-2023,24791.17474,4.69E+11,33691420336
21-02-2023,24416.45943,4.78E+11,38905044809
22-02-2023,24167.10802,4.71E+11,41816493232
23-02-2023,23964.26487,4.66E+11,40225914263
24-02-2023,23175.86843,4.62E+11,42276833207
25-02-2023,23167.20486,4.48E+11,35432000239
26-02-2023,23547.39963,4.47E+11,23133414002
27-02-2023,23482.69726,4.55E+11,24300265456
28-02-2023,23147.38019,4.53E+11,28804087262
01-03-2023,23622.39562,4.46E+11,25526236130
02-03-2023,23469.23162,4.56E+11,32125784051
03-03-2023,22362.45767,4.53E+11,27467409547
04-03-2023,22380.75867,4.32E+11,34258724060
05-03-2023,22432.85635,4.32E+11,13314159175
06-03-2023,22414.06022,4.33E+11,16096840996
07-03-2023,22201.80915,4.33E+11,20969418850
08-03-2023,21731.21772,4.29E+11,27767987222
09-03-2023,20368.31816,4.19E+11,28453168639
10-03-2023,20161.42324,3.93E+11,40149291479
11-03-2023,20482.36783,3.90E+11,51582308187
12-03-2023,22191.56137,3.95E+11,37825073223
13-03-2023,24201.90715,4.29E+11,36829995917
14-03-2023,24781.97566,4.68E+11,66456129077
15-03-2023,24417.01377,4.79E+11,70661520758
16-03-2023,25166.02942,4.72E+11,63079637404
17-03-2023,27454.09235,4.86E+11,60533697807
18-03-2023,27124.65291,5.30E+11,64638763139
19-03-2023,28133.48528,5.23E+11,46442794621
20-03-2023,27960.9617,5.47E+11,46449892326
21-03-2023,28294.10223,5.39E+11,55322209283
22-03-2023,27436.04751,5.46E+11,34457570110
23-03-2023,28454.45565,5.30E+11,35727706074
24-03-2023,27651.32595,5.50E+11,20381902355
25-03-2023,27667.70895,5.34E+11,21928062460
26-03-2023,28020.14901,5.35E+11,14848987601
27-03-2023,27174.52955,5.43E+11,14491112331
28-03-2023,27280.28788,5.25E+11,18424773513
29-03-2023,28360.98491,5.28E+11,17237551622
30-03-2023,28054.42756,5.49E+11,20975401191
31-03-2023,28512.59558,5.42E+11,22655389156
01-04-2023,28505.77244,5.52E+11,19070123900
02-04-2023,28242.70792,5.51E+11,10134545824
03-04-2023,27824.38335,5.45E+11,11707743815
04-04-2023,28209.37554,5.39E+11,19295903832
05-04-2023,28185.50997,5.44E+11,14786176862
06-04-2023,28043.64018,5.45E+11,16469117807
07-04-2023,27934.29581,5.43E+11,13101305593
08-04-2023,27973.80959,5.40E+11,10105173408
09-04-2023,28330.67355,5.41E+11,8840298882
10-04-2023,29678.59233,5.49E+11,11464177616
11-04-2023,30245.60237,5.74E+11,17480772583
12-04-2023,29908.1718,5.85E+11,18306648421
13-04-2023,30428.94586,5.79E+11,18402357902
14-04-2023,30479.11794,5.88E+11,16472305958
15-04-2023,30330.40788,5.90E+11,20976053614
16-04-2023,30313.55143,5.87E+11,11165724904
17-04-2023,29457.1064,5.87E+11,11208274307
18-04-2023,30404.37338,5.70E+11,16831330540
19-04-2023,28855.52064,5.88E+11,18435748084
20-04-2023,28236.47233,5.59E+11,24252407189
21-04-2023,27285.4676,5.46E+11,21621446594
22-04-2023,27831.30656,5.28E+11,20404958563
23-04-2023,27591.2384,5.39E+11,11679843061
24-04-2023,27511.62687,5.34E+11,11411474357
25-04-2023,28291.81834,5.32E+11,16382113395
26-04-2023,28454.22523,5.48E+11,17017999076
27-04-2023,29487.59228,5.52E+11,30610163055
28-04-2023,29335.62342,5.71E+11,26227534841
29-04-2023,29268.97106,5.68E+11,18717561003
30-04-2023,29272.1327,5.66E+11,9798469461
01-05-2023,28106.96906,5.69E+11,14830616420
02-05-2023,28700.84274,5.44E+11,19960113942
03-05-2023,29005.23674,5.55E+11,17765968002
04-05-2023,28855.84923,5.61E+11,13903818399
05-05-2023,29524.36481,5.59E+11,13411999330
06-05-2023,28894.88073,5.72E+11,16674121663
07-05-2023,28615.5097,5.59E+11,15288957215
08-05-2023,27691.21571,5.54E+11,10068255840
09-05-2023,27651.94205,5.36E+11,21237667820
10-05-2023,27620.67714,5.36E+11,14885371463
11-05-2023,26992.04398,5.35E+11,13026485347
12-05-2023,26795.21483,5.23E+11,14720855581
13-05-2023,26782.92151,5.19E+11,19646433210
14-05-2023,26933.27703,5.19E+11,5890638629
15-05-2023,27170.34487,5.21E+11,8623989166
16-05-2023,27037.19097,5.26E+11,15070895881
17-05-2023,27393.57326,5.24E+11,9113463711
18-05-2023,26846.86542,5.31E+11,13161907443
19-05-2023,26876.35753,5.21E+11,13029961656
20-05-2023,27101.219,5.21E+11,11486611803
21-05-2023,26749.26788,5.25E+11,6416164398
22-05-2023,26862.59488,5.19E+11,8459920660
23-05-2023,27221.80882,5.21E+11,10979278519
24-05-2023,26324.96961,5.28E+11,9670548073
25-05-2023,26475.53612,5.11E+11,17411572027
26-05-2023,26718.91162,5.13E+11,12986419672
27-05-2023,26850.92445,5.18E+11,13001727090
28-05-2023,28096.11355,5.20E+11,7865428248
29-05-2023,27737.46901,5.45E+11,13216145710
30-05-2023,27708.49701,5.38E+11,13221922389
31-05-2023,27236.08738,5.37E+11,12825505083
01-06-2023,26811.55946,5.28E+11,14029088771
02-06-2023,27251.80582,5.20E+11,12087599216
03-06-2023,27079.00472,5.29E+11,15265251943
04-06-2023,27126.0417,5.25E+11,7565112963
05-06-2023,25742.92189,5.27E+11,9420027627
06-06-2023,27228.39178,5.01E+11,20790530623
07-06-2023,26348.8582,5.28E+11,20903833570
08-06-2023,26500.27919,5.11E+11,15909553206
09-06-2023,26478.59674,5.14E+11,10926608370
10-06-2023,25853.83425,5.13E+11,10574983422
11-06-2023,25924.29166,5.02E+11,20480072065
12-06-2023,25911.70382,5.03E+11,10440489953
13-06-2023,25939.95585,5.03E+11,11361872909
14-06-2023,25112.98311,5.03E+11,13969186266
15-06-2023,25577.52036,4.87E+11,12900525051
16-06-2023,26327.89607,4.96E+11,15380568051
17-06-2023,26508.46542,5.11E+11,15385009762
18-06-2023,26340.29139,5.14E+11,10053682900
19-06-2023,26786.87567,5.11E+11,6769049538
20-06-2023,28334.45625,5.20E+11,4685995054
21-06-2023,30070.22115,5.49E+11,20535900568
22-06-2023,29938.50999,5.84E+11,23946752083
23-06-2023,30673.72017,5.81E+11,14038474727
24-06-2023,30547.06446,5.95E+11,24293296658
25-06-2023,30469.35912,5.93E+11,11884778741
26-06-2023,30271.59154,5.91E+11,10958839106
27-06-2023,30677.02681,5.87E+11,11959396217
28-06-2023,30086.20603,5.95E+11,15129315982
29-06-2023,30466.40973,5.84E+11,12423839966
30-06-2023,30463.23119,5.92E+11,8521926877
01-07-2023,30587.57092,5.92E+11,23648712314
02-07-2023,30623.20233,5.94E+11,5882764802
03-07-2023,31159.10795,5.94E+11,9609836121
04-07-2023,30763.60033,6.05E+11,13230887313
05-07-2023,30506.08064,5.98E+11,11639409160
06-07-2023,29945.05642,5.92E+11,11864152983
07-07-2023,30350.63307,5.83E+11,17332526967
08-07-2023,30297.92529,5.89E+11,13690936292
09-07-2023,30153.85482,5.89E+11,5290687921
10-07-2023,30405.39898,5.86E+11,6829375904
11-07-2023,30620.20654,5.90E+11,14466626807
12-07-2023,30407.7367,5.95E+11,9648456301
13-07-2023,31459.81844,5.91E+11,14155200237
14-07-2023,30316.4265,6.11E+11,21999582468
15-07-2023,30306.32554,5.88E+11,18841359264
16-07-2023,30245.21638,5.89E+11,7602703454
17-07-2023,30151.72819,5.86E+11,2877412196
18-07-2023,29855.34754,5.86E+11,10103605849
19-07-2023,29925.82614,5.80E+11,7945456285
20-07-2023,29793.9048,5.81E+11,9826167461
21-07-2023,29903.56906,5.79E+11,12362542655
22-07-2023,29809.63166,5.81E+11,10186232897
23-07-2023,30084.59501,5.77E+11,7420664202
24-07-2023,29176.64615,5.85E+11,8622945144
25-07-2023,29227.64378,5.67E+11,11543693895
26-07-2023,29351.65085,5.68E+11,8688745429
27-07-2023,29201.23636,5.71E+11,13101471896
28-07-2023,29313.35659,5.68E+11,7520955664
29-07-2023,29356.88322,5.70E+11,7315639122
30-07-2023,29279.81642,5.71E+11,4629324170
31-07-2023,29225.78904,5.69E+11,7443260979
01-08-2023,29694.16408,5.68E+11,11273863678
02-08-2023,29153.01856,5.72E+11,19154915781
03-08-2023,29172.60761,5.67E+11,13844049880
04-08-2023,29080.3017,5.68E+11,8267915250
05-08-2023,29049.7611,5.65E+11,7831082210
06-08-2023,29043.26479,5.65E+11,3213294194
07-08-2023,29175.8011,5.65E+11,2608677805
08-08-2023,29764.46522,5.68E+11,10754335062
09-08-2023,29561.67303,5.79E+11,17828775882
10-08-2023,29428.91207,5.75E+11,15039336875
11-08-2023,29400.87307,5.72E+11,9959139630
12-08-2023,29414.27868,5.72E+11,10228204283
13-08-2023,29279.22331,5.72E+11,1266536256
14-08-2023,29403.73869,5.70E+11,5828860508
15-08-2023,29164.11515,5.72E+11,13318561529
16-08-2023,28704.2017,5.67E+11,6506325209
17-08-2023,26646.45448,5.60E+11,12138734911
18-08-2023,26047.85227,5.16E+11,27003286806
19-08-2023,26088.7588,5.07E+11,23981387996
20-08-2023,26193.31021,5.08E+11,10655704755
21-08-2023,26127.65337,5.09E+11,8756846460
22-08-2023,26029.1001,5.08E+11,13014591499
23-08-2023,26425.54459,5.06E+11,12896840271
24-08-2023,26137.98798,5.15E+11,17129985597
25-08-2023,26042.95614,5.09E+11,6321469255
26-08-2023,26002.1233,5.07E+11,9541761592
27-08-2023,26086.06052,5.06E+11,4894546217
28-08-2023,26109.69316,5.08E+11,3970205068
29-08-2023,27717.47739,5.08E+11,8414417808
30-08-2023,27303.35348,5.39E+11,15255523963
31-08-2023,25938.19645,5.32E+11,10336213647
01-09-2023,25796.0855,5.05E+11,19548682785
02-09-2023,25868.10381,5.02E+11,17646653864
03-09-2023,25969.31285,5.04E+11,8448180172
04-09-2023,25805.19067,5.06E+11,7179220938
05-09-2023,25770.12905,5.03E+11,10048657096
06-09-2023,25748.66011,5.02E+11,7476000272
07-09-2023,26214.65457,5.02E+11,7945267105
08-09-2023,25900.49245,5.10E+11,10657242126
09-09-2023,25889.67164,5.05E+11,9885831495
10-09-2023,25834.88563,5.04E+11,1019886355
11-09-2023,25162.60135,5.03E+11,3169137374
12-09-2023,25850.3223,4.90E+11,14668774944
13-09-2023,26222.0133,5.04E+11,19485145067
14-09-2023,26530.89721,5.11E+11,12145164489
15-09-2023,26610.40313,5.17E+11,13651624805
16-09-2023,26554.04277,5.19E+11,10434050754
17-09-2023,26537.87647,5.17E+11,6910897942
18-09-2023,26769.29267,5.17E+11,5273518215
19-09-2023,27213.18466,5.21E+11,16404034961
20-09-2023,27125.33698,5.30E+11,14244915527
21-09-2023,26565.47544,5.29E+11,11183196443
22-09-2023,26587.52313,5.18E+11,12773896182
23-09-2023,26571.46088,5.18E+11,9922449688
24-09-2023,26257.58377,5.18E+11,2328905270
25-09-2023,26296.92232,5.12E+11,7885109784
26-09-2023,26213.57267,5.12E+11,10752461272
27-09-2023,26353.68247,5.11E+11,9208288122
28-09-2023,27021.32452,5.14E+11,13058399018
29-09-2023,26906.56937,5.27E+11,16768691982
30-09-2023,26966.11831,5.25E+11,11341087804
01-10-2023,27988.47771,5.26E+11,5686616519
02-10-2023,27501.15071,5.45E+11,10431758472
03-10-2023,27426.28115,5.38E+11,22765787164
04-10-2023,27781.93274,5.36E+11,8543112286
05-10-2023,27408.43128,5.42E+11,12675686087
06-10-2023,27954.65679,5.35E+11,11927490336
07-10-2023,27969.98403,5.45E+11,13029051877
08-10-2023,27938.848,5.46E+11,3955505435
09-10-2023,27585.20762,5.45E+11,7289117450
10-10-2023,27390.20666,5.38E+11,11860626449
11-10-2023,26878.33284,5.35E+11,9518450965
12-10-2023,26758.98818,5.24E+11,15417643798
13-10-2023,26860.56355,5.22E+11,10893530732
14-10-2023,26860.43081,5.24E+11,16346558244
15-10-2023,27154.13338,5.24E+11,3811368953
16-10-2023,28517.57606,5.30E+11,4755295757
17-10-2023,28414.41587,5.57E+11,29918684174
18-10-2023,28327.04785,5.55E+11,6918406339
19-10-2023,28723.07556,5.53E+11,13239905057
20-10-2023,29676.88759,5.59E+11,13585821156
21-10-2023,29919.61127,5.80E+11,19419009549
22-10-2023,29989.9304,5.84E+11,12632815258
23-10-2023,33071.25926,5.83E+11,11245359954
24-10-2023,33907.79916,6.42E+11,33694806691
25-10-2023,34498.18415,6.61E+11,44253720361
26-10-2023,34150.13824,6.74E+11,25507486305
27-10-2023,33907.5305,6.67E+11,16414520353
28-10-2023,34082.09038,6.62E+11,11550410899
29-10-2023,34524.94715,6.66E+11,9433543888
30-10-2023,34494.37987,6.74E+11,9903035849
31-10-2023,34669.43209,6.74E+11,15191689895
01-11-2023,35422.70186,6.76E+11,10331864459
02-11-2023,34936.67905,6.93E+11,23550379174
03-11-2023,34724.50021,6.82E+11,16048533840
04-11-2023,35077.87471,6.78E+11,17906438384
05-11-2023,35039.32195,6.85E+11,8545789713
06-11-2023,35057.9261,6.84E+11,12676908205
07-11-2023,35439.84938,6.85E+11,12610612493
08-11-2023,35647.75103,6.92E+11,14612556891
09-11-2023,36698.23062,6.99E+11,17666834114
10-11-2023,37319.28657,7.17E+11,38120020241
11-11-2023,37151.51966,7.31E+11,20300926249
12-11-2023,37067.89895,7.26E+11,12152625791
13-11-2023,36499.43377,7.25E+11,10655406408
14-11-2023,35540.76192,7.14E+11,13568842386
15-11-2023,37904.3967,6.95E+11,23774618737
16-11-2023,36163.46689,7.39E+11,27615787145
17-11-2023,36618.60321,7.08E+11,25959888747
18-11-2023,36588.25583,7.15E+11,22761068583
19-11-2023,37387.84102,7.15E+11,9343320289
20-11-2023,37478.86044,7.33E+11,12711947071
21-11-2023,35788.42227,7.33E+11,19303235356
22-11-2023,37426.6559,7.03E+11,8837730398
23-11-2023,37302.43228,7.32E+11,22584689391
24-11-2023,37731.18472,7.29E+11,18018803971
25-11-2023,37800.28217,7.38E+11,23105805509
26-11-2023,37472.07058,7.40E+11,6051616334
27-11-2023,37247.46416,7.33E+11,12954817744
28-11-2023,37843.46006,7.28E+11,12202388001
29-11-2023,37863.95465,7.39E+11,22447645694
30-11-2023,37720.45917,7.40E+11,20947506401
01-12-2023,38695.78001,7.38E+11,16414324444
02-12-2023,39472.06103,7.56E+11,21598850076
03-12-2023,39999.14278,7.72E+11,14315082542
04-12-2023,41985.05643,7.83E+11,15379773309
05-12-2023,44081.67472,8.21E+11,37917982283
06-12-2023,43757.23602,8.63E+11,37724596898
07-12-2023,43285.61612,8.57E+11,26239999351
08-12-2023,44158.48119,8.48E+11,27386458895
09-12-2023,43714.93535,8.63E+11,24939843492
10-12-2023,43786.26786,8.56E+11,15324696355
11-12-2023,41262.42774,8.57E+11,12510556720
12-12-2023,41459.49057,8.07E+11,39683212251
13-12-2023,42885.34414,8.12E+11,24900810023
14-12-2023,43032.27206,8.40E+11,26091583905
15-12-2023,41889.93407,8.41E+11,21626813032
16-12-2023,42248.13168,8.22E+11,18918046117
17-12-2023,41354.6341,8.27E+11,5602068053
18-12-2023,42608.74325,8.11E+11,14358593410
19-12-2023,42276.37292,8.35E+11,26472922927
20-12-2023,43659.92205,8.27E+11,21207785357
21-12-2023,43874.78654,8.54E+11,28842406998
22-12-2023,43988.52369,8.58E+11,22068375388
23-12-2023,43730.11593,8.62E+11,20687705684
24-12-2023,42999.49059,8.57E+11,12731288229
25-12-2023,43587.03087,8.45E+11,18093768134
26-12-2023,42503.07408,8.55E+11,14023097776
27-12-2023,43456.35381,8.32E+11,27860684936
28-12-2023,42591.46443,8.49E+11,18303237593
29-12-2023,42092.1329,8.36E+11,19192008258
30-12-2023,42196.98164,8.23E+11,25136288801
31-12-2023,42261.04062,8.27E+11,9872016788
01-01-2024,44148.36896,8.28E+11,14305769171
02-01-2024,44952.42521,8.64E+11,14627632713
03-01-2024,42862.56001,8.78E+11,35573879095
04-01-2024,44174.12945,8.38E+11,43464492111
05-01-2024,44164.92864,8.66E+11,26557742221
06-01-2024,44002.06549,8.64E+11,26953985374
07-01-2024,43952.99248,8.62E+11,11908411922
08-01-2024,46967.38252,8.57E+11,15314740333
09-01-2024,46141.02731,9.20E+11,40498011165
10-01-2024,46566.47671,9.02E+11,41435276455
11-01-2024,46368.73797,9.15E+11,52612427927
12-01-2024,42870.75275,9.10E+11,46394555224
13-01-2024,42823.43596,8.38E+11,43031318679
14-01-2024,41746.89886,8.40E+11,20004361997
15-01-2024,42506.28053,8.19E+11,17162883812
16-01-2024,43135.81445,8.33E+11,22688994533
17-01-2024,42752.74932,8.46E+11,24812613769
18-01-2024,41260.43935,8.38E+11,20903681326
19-01-2024,41623.93044,8.09E+11,20974869786
20-01-2024,41661.3681,8.16E+11,26136017001
21-01-2024,41545.54843,8.17E+11,10676072389
22-01-2024,39518.637,8.15E+11,8677178379
23-01-2024,39852.04787,7.75E+11,31641677475
24-01-2024,40061.72369,7.79E+11,29595730242
25-01-2024,39917.16443,7.87E+11,22484132811
26-01-2024,41863.00688,7.83E+11,15134848189
27-01-2024,42137.13611,8.21E+11,15127560767
28-01-2024,42037.09422,8.26E+11,10635329257
29-01-2024,43285.81167,8.24E+11,13373892195
30-01-2024,42950.1477,8.49E+11,20719685276
31-01-2024,42572.11954,8.39E+11,24734656260
01-02-2024,43084.33736,8.35E+11,18176568154
02-02-2024,43172.84771,8.45E+11,22358690021
03-02-2024,42990.75203,8.47E+11,18081202077
04-02-2024,42575.09884,8.43E+11,8329070576
05-02-2024,42650.90493,8.35E+11,11192394413
06-02-2024,43077.87002,8.37E+11,18561137007
07-02-2024,44317.87047,8.45E+11,13375372439
08-02-2024,45305.60747,8.69E+11,21861246805
09-02-2024,47150.94268,8.90E+11,27709548589
10-02-2024,47769.88616,9.26E+11,42157462813
11-02-2024,48295.94143,9.38E+11,12019177855
12-02-2024,49962.40901,9.46E+11,20421541896
13-02-2024,49757.61321,9.81E+11,37635479757
14-02-2024,51821.2538,9.75E+11,37408162721
15-02-2024,51941.42881,1.02E+12,31754259666
16-02-2024,52176.17728,1.02E+12,39916181908
17-02-2024,51657.37972,1.02E+12,28952987823
18-02-2024,52117.12473,1.02E+12,18247052013
19-02-2024,51783.88232,1.02E+12,17277124901
20-02-2024,52229.69966,1.02E+12,19460302771
21-02-2024,51862.71974,1.03E+12,35459411776
22-02-2024,51295.39929,1.02E+12,28422896998
23-02-2024,50732.35466,1.01E+12,26569421595
24-02-2024,51558.038,9.99E+11,22846535846
25-02-2024,51725.35393,1.01E+12,14089126934
26-02-2024,54528.1997,1.02E+12,15611072966
27-02-2024,57050.4475,1.07E+12,35612604859
28-02-2024,62518.58004,1.12E+12,51857220754
29-02-2024,61200.70004,1.23E+12,86896465050
01-03-2024,62417.56852,1.21E+12,67515353974
02-03-2024,62024.69933,1.23E+12,42007811993
03-03-2024,63169.33242,1.22E+12,25226865331
04-03-2024,68339.65118,1.24E+12,23293404328
05-03-2024,63789.27548,1.33E+12,60460393722
06-03-2024,66090.47344,1.26E+12,1.07E+11
07-03-2024,66948.57355,1.30E+12,72615632115
08-03-2024,68315.06989,1.32E+12,48862707087
09-03-2024,68484.17019,1.34E+12,63033855479
10-03-2024,69046.48946,1.35E+12,20217618954
11-03-2024,72108.73018,1.36E+12,28637439605
12-03-2024,71444.00015,1.42E+12,68023567717
13-03-2024,73090.53245,1.40E+12,64139720513
14-03-2024,71385.36632,1.44E+12,54505929987
15-03-2024,69440.62221,1.40E+12,63139158649
16-03-2024,65322.79063,1.37E+12,81981099093
17-03-2024,68425.48445,1.28E+12,41740933104
18-03-2024,67600.21183,1.34E+12,47331828151
19-03-2024,61866.15465,1.33E+12,52462755248
20-03-2024,67854.86586,1.22E+12,80631350864
21-03-2024,65492.00943,1.33E+12,69329281863
22-03-2024,63659.27694,1.29E+12,42242016007
23-03-2024,64018.12392,1.25E+12,42815200084
24-03-2024,67232.2563,1.26E+12,25879562834
25-03-2024,69946.15808,1.32E+12,28251029839
26-03-2024,69978.61689,1.37E+12,39837485109
27-03-2024,69401.78101,1.38E+12,36171665199
28-03-2024,70744.42442,1.36E+12,41525456273
29-03-2024,69906.36015,1.39E+12,28242610201
30-03-2024,69622.30923,1.37E+12,25562411469
31-03-2024,71343.81572,1.37E+12,16779251909
01-04-2024,69674.29538,1.40E+12,19969456370
02-04-2024,65449.66651,1.37E+12,38534580436
03-04-2024,65977.52963,1.29E+12,45200477672
04-04-2024,68456.45835,1.30E+12,35203949176
05-04-2024,67861.88023,1.35E+12,37664301012
06-04-2024,68896.13304,1.34E+12,35572432335
07-04-2024,69375.21817,1.36E+12,19159471902
08-04-2024,71629.12883,1.37E+12,17316301296
09-04-2024,69111.92367,1.41E+12,37018371968
10-04-2024,70602.35357,1.36E+12,35542353601
11-04-2024,70000.4105,1.39E+12,38410968867
12-04-2024,67196.57703,1.38E+12,30302051535
13-04-2024,63957.11241,1.32E+12,43554051180
14-04-2024,65680.45176,1.27E+12,52222508396
15-04-2024,63409.24311,1.29E+12,49664661450
16-04-2024,63813.80058,1.25E+12,44123326614
17-04-2024,61271.93485,1.26E+12,43220699031
18-04-2024,63517.28986,1.21E+12,41149462377
19-04-2024,63840.68861,1.25E+12,35940228003
20-04-2024,64975.76009,1.26E+12,52203683249
21-04-2024,64918.7867,1.28E+12,23446895375
22-04-2024,66840.15253,1.28E+12,18635622597
23-04-2024,66428.98998,1.32E+12,27516760932
24-04-2024,64246.88337,1.31E+12,19696754898
25-04-2024,64496.08792,1.27E+12,24056798426
26-04-2024,63751.76615,1.27E+12,25075834382
27-04-2024,63394.99305,1.26E+12,24070286543
28-04-2024,63132.96539,1.25E+12,19312082038
29-04-2024,63827.10811,1.24E+12,16746684030
30-04-2024,60570.49957,1.26E+12,27065106304
01-05-2024,58305.94432,1.19E+12,39763747491
02-05-2024,59101.8036,1.15E+12,44978119194
03-05-2024,62888.50889,1.16E+12,28260772289
04-05-2024,63916.75948,1.24E+12,34515955206
05-05-2024,64028.18399,1.26E+12,20325861812
06-05-2024,63159.41377,1.26E+12,13598746997
07-05-2024,62332.73336,1.24E+12,28801851951
08-05-2024,61188.17109,1.23E+12,20230577436
09-05-2024,63065.33099,1.21E+12,19397952575
10-05-2024,60789.56751,1.24E+12,25707174002
11-05-2024,60794.62997,1.20E+12,28999542281
12-05-2024,61483.57957,1.20E+12,13200390256
13-05-2024,62904.91827,1.21E+12,13315283855
14-05-2024,61539.70958,1.24E+12,28091304381
15-05-2024,66228.77338,1.21E+12,21964686860
16-05-2024,65216.30696,1.31E+12,37755794663
17-05-2024,67059.07046,1.29E+12,29793194811
18-05-2024,66939.60369,1.32E+12,25427688121
19-05-2024,66272.6425,1.32E+12,12177524209
20-05-2024,71464.31454,1.30E+12,17233185971
21-05-2024,70138.76858,1.41E+12,40368488305
22-05-2024,69124.75648,1.38E+12,39880026603
23-05-2024,67938.30371,1.36E+12,31083675314
24-05-2024,68516.81504,1.34E+12,39810959908
25-05-2024,69304.56556,1.35E+12,28181028496
26-05-2024,68506.20701,1.36E+12,18486025849
27-05-2024,69400.79281,1.35E+12,9474417497
28-05-2024,68301.70026,1.37E+12,20579431612
29-05-2024,67567.01198,1.35E+12,31319655486
30-05-2024,68363.45934,1.33E+12,20868283314
31-05-2024,67481.20121,1.35E+12,24965246314
01-06-2024,67728.58692,1.33E+12,21415701094
02-06-2024,67749.92965,1.33E+12,10649816821
03-06-2024,68809.7852,1.34E+12,11315254531
04-06-2024,70542.10192,1.36E+12,25735381260
05-06-2024,71054.1444,1.39E+12,31807659920
06-06-2024,70773.74599,1.40E+12,32449132584
07-06-2024,69338.82148,1.39E+12,23542405681
08-06-2024,69305.38413,1.37E+12,29574462432
09-06-2024,69648.71814,1.37E+12,12847962289
10-06-2024,69520.05675,1.37E+12,10459656951
11-06-2024,67288.76639,1.37E+12,19755471123
12-06-2024,68250.38322,1.33E+12,38525286725
13-06-2024,66745.98687,1.35E+12,30880073389
14-06-2024,66011.99587,1.32E+12,29506603884
15-06-2024,66187.58291,1.30E+12,22456397709
16-06-2024,66641.99217,1.30E+12,11107057141
17-06-2024,66468.50011,1.31E+12,12698287939
18-06-2024,65158.98266,1.31E+12,30049658960
19-06-2024,64961.60679,1.28E+12,41391180622
20-06-2024,64809.21406,1.28E+12,18985779553
21-06-2024,64120.57017,1.28E+12,26067786145
22-06-2024,64260.02291,1.26E+12,26979183789
23-06-2024,63161.23056,1.27E+12,9186908534
24-06-2024,60255.90068,1.25E+12,10862539078
25-06-2024,61816.78433,1.19E+12,42172238344
26-06-2024,60819.91769,1.22E+12,27526244279
27-06-2024,61553.90169,1.20E+12,23138062261
28-06-2024,60324.4497,1.21E+12,19289648299
29-06-2024,60890.08807,1.19E+12,24375116492
30-06-2024,62670.81478,1.20E+12,12232706659
01-07-2024,62869.32381,1.24E+12,17682662330
02-07-2024,62058.80093,1.24E+12,26128099006
03-07-2024,60156.34119,1.22E+12,19820003256
04-07-2024,57084.22713,1.19E+12,30588655878
05-07-2024,56629.38537,1.12E+12,43692380816
06-07-2024,58336.39321,1.12E+12,60093024057
07-07-2024,55842.94673,1.15E+12,19881710913
08-07-2024,56705.64459,1.10E+12,20402366811
09-07-2024,58024.6781,1.12E+12,38864091890
10-07-2024,57635.09608,1.14E+12,28449155213
11-07-2024,57338.42217,1.14E+12,22167360676
12-07-2024,57902.40776,1.13E+12,29445698668
13-07-2024,59243.90724,1.14E+12,23171844279
14-07-2024,60668.20923,1.17E+12,14012758673
15-07-2024,64834.10766,1.20E+12,22586838646
16-07-2024,65008.17983,1.28E+12,36791320637
17-07-2024,64101.49229,1.28E+12,43511912750
18-07-2024,63975.96715,1.27E+12,33430369739
19-07-2024,66710.12602,1.26E+12,24035686608
20-07-2024,67138.25848,1.32E+12,36021058718
21-07-2024,68167.78453,1.32E+12,19028592694
22-07-2024,67550.43133,1.34E+12,20685853576
23-07-2024,65908.07757,1.33E+12,36007036325
24-07-2024,65365.07863,1.30E+12,34284854080
25-07-2024,65805.89003,1.29E+12,28845331350
26-07-2024,67935.06613,1.30E+12,35180683574
27-07-2024,67777.47127,1.34E+12,30947391319
28-07-2024,68261.03933,1.34E+12,36691479783
29-07-2024,66811.564,1.35E+12,16790951261
30-07-2024,66191.94795,1.32E+12,37659805779
31-07-2024,64586.8812,1.31E+12,30598476075
01-08-2024,65349.99697,1.28E+12,31803920134
02-08-2024,61462.84622,1.29E+12,40222093772
03-08-2024,60657.77437,1.21E+12,43460238366
04-08-2024,58163.74246,1.20E+12,31936274181
05-08-2024,54052.37447,1.15E+12,33718280157
06-08-2024,56131.10813,1.07E+12,1.10E+11
07-08-2024,55082.66705,1.11E+12,52831120033
08-08-2024,61570.23201,1.09E+12,43711989392
09-08-2024,60846.96591,1.22E+12,49020342550
10-08-2024,60951.13041,1.20E+12,34547766248
11-08-2024,58698.10283,1.20E+12,15441220150
12-08-2024,59347.11351,1.16E+12,21270782927
13-08-2024,60611.11784,1.17E+12,39158628637
14-08-2024,58731.6822,1.20E+12,31710460602
15-08-2024,57505.91933,1.16E+12,31276074530
16-08-2024,58873.3673,1.14E+12,37607916706
17-08-2024,59509.68406,1.16E+12,29870370088
18-08-2024,58432.42381,1.17E+12,13033651836
19-08-2024,59451.17185,1.15E+12,17461095270
20-08-2024,59028.52521,1.18E+12,23526386297
21-08-2024,61175.58335,1.16E+12,29360541463
22-08-2024,60378.78695,1.21E+12,25897435039
23-08-2024,64098.87352,1.19E+12,27723065642
24-08-2024,64187.06046,1.27E+12,43244890799
25-08-2024,64286.43696,1.27E+12,21315028266
26-08-2024,62871.70591,1.27E+12,18006325080
27-08-2024,59403.58622,1.24E+12,20911286839
28-08-2024,59042.05473,1.17E+12,40378837425
29-08-2024,59374.03262,1.17E+12,40259433858
30-08-2024,59110.2,1.17E+12,32611442530
31-08-2024,58957.00676,1.17E+12,43599560268
01-09-2024,57298.27944,1.16E+12,11862787953
02-09-2024,59120.31977,1.13E+12,23498142418
03-09-2024,57518.62237,1.17E+12,26004446069
04-09-2024,57977.79817,1.14E+12,24614259150
05-09-2024,56163.71424,1.14E+12,33938668095
06-09-2024,53955.11336,1.11E+12,30086984306
07-09-2024,54150.37411,1.07E+12,51516335695
08-09-2024,54865.08359,1.07E+12,17973482652
09-09-2024,57023.25686,1.08E+12,18428919882
10-09-2024,57653.88808,1.13E+12,34877475341
11-09-2024,57354.5563,1.14E+12,29409058884
12-09-2024,58146.66954,1.13E+12,34867798087
13-09-2024,60545.36575,1.15E+12,33978698408
14-09-2024,60013.88204,1.20E+12,32756548203
15-09-2024,59141.98381,1.19E+12,16010817957
16-09-2024,58195.44888,1.17E+12,12795134680
17-09-2024,60320.14614,1.15E+12,29391373864
18-09-2024,61826.71761,1.19E+12,35089579944
19-09-2024,62975.6519,1.22E+12,42833712988
20-09-2024,63217.65606,1.24E+12,43472754675
21-09-2024,63406.34665,1.25E+12,36194968708
22-09-2024,63613.5768,1.25E+12,12851776561
23-09-2024,63340.47446,1.26E+12,20506083873
24-09-2024,64268.59189,1.25E+12,28505580869
25-09-2024,63146.2055,1.27E+12,31748058149
26-09-2024,65177.87494,1.25E+12,24649605786
27-09-2024,65797.2461,1.29E+12,37545758661
28-09-2024,65869.08869,1.30E+12,32180674486
29-09-2024,65602.96866,1.30E+12,14916172777
30-09-2024,63357.40441,1.30E+12,13518488644
01-10-2024,60800.29386,1.25E+12,38102991926
02-10-2024,60627.05818,1.20E+12,53950776186
03-10-2024,60749.23422,1.20E+12,41624555813
04-10-2024,62094.41335,1.20E+12,34104657942
05-10-2024,62069.35128,1.23E+12,30708579470
06-10-2024,62816.18618,1.23E+12,11957423965
07-10-2024,62211.2342,1.24E+12,14511585078
08-10-2024,62125.52623,1.23E+12,34030064291
09-10-2024,60583.12205,1.23E+12,28787030052
10-10-2024,60277.59535,1.20E+12,26340537868
11-10-2024,62464.87699,1.19E+12,28536917621
12-10-2024,63191.88843,1.23E+12,30958836696
13-10-2024,62872.1648,1.25E+12,17399611716
14-10-2024,66053.10581,1.24E+12,18048965894
15-10-2024,67103.48645,1.31E+12,41345994169
16-10-2024,67620.07709,1.33E+12,51746068175
17-10-2024,67343.56436,1.34E+12,39087293454
18-10-2024,68412.01898,1.33E+12,18557713894
19-10-2024,68361.86525,1.35E+12,39681425921
20-10-2024,68999.29432,1.35E+12,13173707715
21-10-2024,67333.2353,1.36E+12,18673276183
22-10-2024,67394.68868,1.33E+12,41258359023
23-10-2024,66634.17093,1.33E+12,35037063991
24-10-2024,68163.92587,1.32E+12,34625867174
25-10-2024,66649.27725,1.35E+12,32641465796
26-10-2024,67015.82363,1.32E+12,38434139513
27-10-2024,67959.91726,1.33E+12,21405271680
28-10-2024,69935.70434,1.34E+12,16965724738
29-10-2024,72708.39894,1.38E+12,42649966735
30-10-2024,72342.91092,1.44E+12,61860935805
31-10-2024,70179.73597,1.43E+12,40074374589
01-11-2024,69473.05698,1.39E+12,45952459276
02-11-2024,69345.70844,1.37E+12,54595320247
03-11-2024,68736.01833,1.37E+12,18468023835
04-11-2024,67799.95259,1.36E+12,37550665525
05-11-2024,69426.09992,1.34E+12,44923676911
06-11-2024,75640.3926,1.37E+12,47141527970
07-11-2024,75894.83261,1.50E+12,1.28E+11
08-11-2024,76513.25953,1.50E+12,69201671400
09-11-2024,76753.26322,1.51E+12,58930304036
10-11-2024,80456.53981,1.52E+12,29817483503
11-11-2024,88822.05042,1.59E+12,88253358223
12-11-2024,87977.19487,1.75E+12,1.35E+11
13-11-2024,90540.04772,1.74E+12,1.50E+11
14-11-2024,87361.04548,1.79E+12,1.43E+11
15-11-2024,91059.15802,1.73E+12,98348117264
16-11-2024,90596.73624,1.80E+12,87636739621
17-11-2024,89876.62507,1.79E+12,47170462938
18-11-2024,90520.22358,1.78E+12,48761428930
19-11-2024,92421.09751,1.79E+12,73982799567
20-11-2024,94365.50111,1.83E+12,84899218504
21-11-2024,98455.08894,1.86E+12,81332724881
22-11-2024,99021.2595,1.95E+12,1.22E+11
23-11-2024,97769.94385,1.96E+12,89846208892
24-11-2024,98025.77577,1.94E+12,48982138504
25-11-2024,92952.12564,1.94E+12,56156105104
26-11-2024,91966.12546,1.84E+12,94698611384
27-11-2024,95951.20859,1.82E+12,1.04E+11
28-11-2024,95648.61847,1.90E+12,81377646931
29-11-2024,97508.58607,1.89E+12,55476200933
30-11-2024,96449.75252,1.93E+12,73895500350
01-12-2024,97236.36305,1.91E+12,44074605764
02-12-2024,95861.96255,1.92E+12,51259030321
03-12-2024,95954.55089,1.90E+12,97027481244
04-12-2024,98761.97141,1.90E+12,90227949055
05-12-2024,97071.79475,1.96E+12,1.07E+11
06-12-2024,99928.05521,1.92E+12,1.78E+11
07-12-2024,99892.55257,1.98E+12,1.25E+11
08-12-2024,101200.193,1.98E+12,61170770144
09-12-2024,97370.76158,2.01E+12,56477923696
10-12-2024,96643.13199,1.93E+12,1.46E+11
11-12-2024,101204.9519,1.91E+12,1.31E+11
12-12-2024,100006.3373,2.00E+12,94587081105
13-12-2024,101365.7583,1.98E+12,99319658060
14-12-2024,101393.1997,2.01E+12,79787211629
15-12-2024,104351.1938,2.01E+12,57160482760
16-12-2024,106090.3482,2.07E+12,72664757970
17-12-2024,106154.4048,2.10E+12,1.20E+11
18-12-2024,100138.8356,2.10E+12,92807462404
19-12-2024,97490.72456,1.98E+12,1.11E+11
20-12-2024,97466.12777,1.93E+12,1.04E+11
21-12-2024,97244.35763,1.94E+12,1.12E+11
22-12-2024,95110.22476,1.92E+12,49672688194
23-12-2024,94783.55282,1.88E+12,44300991998
24-12-2024,98637.07002,1.87E+12,65890178401
25-12-2024,99365.49079,1.96E+12,49024891369
26-12-2024,95688.1816,1.97E+12,34193737939
27-12-2024,94188.33184,1.90E+12,46759876160
28-12-2024,95069.29797,1.86E+12,50937876396
29-12-2024,93467.14706,1.88E+12,23240228233
30-12-2024,92666.27265,1.85E+12,29626852702
31-12-2024,93400.49412,1.83E+12,57245053341
01-01-2025,94384.75187,1.85E+12,45143295354
02-01-2025,96897.89774,1.87E+12,21956551047
03-01-2025,98115.54998,1.92E+12,44909538163
04-01-2025,98210.98449,1.94E+12,31195462655
05-01-2025,98349.76146,1.95E+12,22142980126
06-01-2025,102290.3617,1.95E+12,20058473425
07-01-2025,96807.26539,2.03E+12,43701509938
08-01-2025,95031.89728,1.92E+12,60057426304
09-01-2025,92623.64421,1.88E+12,41627064962
10-01-2025,94687.62039,1.83E+12,57690534288
11-01-2025,94572.19296,1.88E+12,63187017294
12-01-2025,94484.05046,1.87E+12,17731557530
13-01-2025,94504.2685,1.87E+12,20060411925
14-01-2025,96535.26005,1.87E+12,76240406704
15-01-2025,100554.7491,1.91E+12,54518480110
16-01-2025,99977.50439,1.99E+12,58135765457
17-01-2025,104125.1635,1.98E+12,53728922575
18-01-2025,104451.8171,2.06E+12,72910277620
19-01-2025,101184.4558,2.07E+12,49708746976
20-01-2025,102094.7288,2.00E+12,79258675593
21-01-2025,106193.3418,2.02E+12,1.31E+11
22-01-2025,103610.2885,2.11E+12,94588850855
23-01-2025,104020.5184,2.05E+12,52302024100
24-01-2025,104865.3404,2.06E+12,1.13E+11
25-01-2025,104757.7217,2.08E+12,53506260322
26-01-2025,102624.6533,2.07E+12,22611723831
27-01-2025,102101.4901,2.03E+12,20744082547
28-01-2025,101340.7716,2.02E+12,93724977880
29-01-2025,103715.7684,2.01E+12,38416124727
30-01-2025,104719.6902,2.06E+12,37078121598
31-01-2025,102404.9338,2.08E+12,41744206469
01-02-2025,100552.2879,2.03E+12,37366136226
02-02-2025,97652.02866,1.99E+12,25300700443
03-02-2025,101392.315,1.94E+12,60384282262
04-02-2025,97888.30732,2.01E+12,1.23E+11
05-02-2025,96613.00809,1.94E+12,70848078818
06-02-2025,96567.63487,1.92E+12,48424844834
07-02-2025,96479.79592,1.91E+12,40634556220
08-02-2025,96454.44602,1.91E+12,55579600368
09-02-2025,96519.99549,1.91E+12,20932503232
10-02-2025,97465.03796,1.91E+12,25697652234
11-02-2025,95743.13972,1.93E+12,39624814322
12-02-2025,97886.93196,1.90E+12,36217275432
13-02-2025,96654.96845,1.94E+12,50369860070
14-02-2025,97525.56433,1.91E+12,37042487608
15-02-2025,97628.56599,1.93E+12,31912421268
16-02-2025,96122.866,1.93E+12,14789128758
17-02-2025,95784.62954,1.91E+12,13845334001
18-02-2025,95613.70786,1.90E+12,25289167089
19-02-2025,96636.46059,1.89E+12,38189980862
20-02-2025,98336.688,1.92E+12,28350821112
21-02-2025,95956.78811,1.95E+12,28413454738
22-02-2025,96526.32452,1.91E+12,50947501258
23-02-2025,96265.42843,1.91E+12,18573069489
24-02-2025,91581.54823,1.91E+12,15357703645
25-02-2025,88477.0195,1.81E+12,43517976328
26-02-2025,84136.62703,1.76E+12,97946677556
27-02-2025,84705.7268,1.66E+12,74044510241
28-02-2025,84316.578,1.68E+12,85686263593
01-03-2025,85982.66564,1.67E+12,89841884853
02-03-2025,94039.9342,1.71E+12,30158590656
03-03-2025,86124.80204,1.87E+12,62997914873
04-03-2025,87038.93882,1.71E+12,67994420748
05-03-2025,90654.91877,1.73E+12,69138809681
06-03-2025,89924.21242,1.80E+12,51217023167
07-03-2025,86719.52968,1.78E+12,49087408455
08-03-2025,86173.28336,1.72E+12,62653663924
09-03-2025,80674.95606,1.71E+12,16274034837
10-03-2025,78537.05806,1.60E+12,30215020198
11-03-2025,82942.50024,1.56E+12,56456261686
12-03-2025,83678.46552,1.64E+12,57109844436
13-03-2025,81014.90391,1.66E+12,41720755212
14-03-2025,83955.00379,1.61E+12,30403207596
15-03-2025,84345.0572,1.67E+12,27119771398
16-03-2025,82570.49931,1.67E+12,13693986845
17-03-2025,83976.89249,1.64E+12,21642031297
18-03-2025,82618.35321,1.67E+12,25516828864
19-03-2025,87393.97118,1.64E+12,24539908201
20-03-2025,84167.44216,1.73E+12,36305338074
21-03-2025,84045.95399,1.67E+12,29519571786
22-03-2025,83823.01245,1.67E+12,17955720817
23-03-2025,86114.3337,1.66E+12,9217017633
24-03-2025,87483.00532,1.70E+12,12944902999
25-03-2025,87424.06866,1.74E+12,35592194183
26-03-2025,86913.68579,1.74E+12,30282779551
27-03-2025,87212.97468,1.72E+12,25184660307
28-03-2025,84332.95265,1.73E+12,24027993322
29-03-2025,82603.84609,1.67E+12,30787242199
30-03-2025,82355.18825,1.64E+12,16425351536
31-03-2025,82553.23624,1.63E+12,12882081645
01-04-2025,85151.3836,1.64E+12,25563649534
02-04-2025,82489.23573,1.69E+12,29670672165
03-04-2025,83208.52797,1.64E+12,50169255461
04-04-2025,83827.87207,1.65E+12,32092092445
05-04-2025,83514.33824,1.66E+12,42756501538
06-04-2025,78366.83212,1.66E+12,12379158345
07-04-2025,79146.18551,1.55E+12,36923952134
08-04-2025,76300.77844,1.58E+12,92851560397
09-04-2025,82595.42668,1.51E+12,47626917679
10-04-2025,79556.41318,1.64E+12,87537570479
11-04-2025,83437.92254,1.58E+12,41077070897
12-04-2025,85296.72977,1.66E+12,39789755581
13-04-2025,83637.28172,1.69E+12,22325929332
14-04-2025,84590.22056,1.66E+12,28804463914
15-04-2025,83641.90419,1.68E+12,33301832327
16-04-2025,84058.84767,1.66E+12,26417686834
17-04-2025,84940.24833,1.67E+12,26900020730
18-04-2025,84447.77718,1.69E+12,19302407940
19-04-2025,85089.15978,1.68E+12,9519084069
20-04-2025,85140.0193,1.69E+12,12670744246
21-04-2025,87500.82268,1.69E+12,12659750520
22-04-2025,93518.2613,1.74E+12,39923432822
23-04-2025,93692.84059,1.86E+12,56063636820
24-04-2025,93945.80357,1.86E+12,40090237856
25-04-2025,94738.85113,1.86E+12,28650324006
26-04-2025,94665.59783,1.88E+12,39493348719
27-04-2025,93801.9364,1.88E+12,15109713727
28-04-2025,95023.30124,1.86E+12,15908970913
29-04-2025,94274.73762,1.89E+12,31941943533
30-04-2025,94190.95191,1.87E+12,23999705434
01-05-2025,96465.09077,1.87E+12,26505534547
02-05-2025,96900.67819,1.92E+12,30294406729
03-05-2025,95892.63495,1.92E+12,23354085662
04-05-2025,94302.00518,1.90E+12,13900914629
05-05-2025,94755.57575,1.87E+12,15004629977
06-05-2025,96815.80313,1.88E+12,23738645274
07-05-2025,97035.80181,1.92E+12,23583068890
08-05-2025,103155.554,1.93E+12,64294382876
09-05-2025,102974.9076,2.05E+12,50142986367
10-05-2025,104710.1877,2.05E+12,40567248680
11-05-2025,104083.0228,2.08E+12,21475049755
12-05-2025,102822.9168,2.07E+12,27508096801
13-05-2025,104068.6767,2.04E+12,43061433795
14-05-2025,103546.4692,2.07E+12,34079114318
15-05-2025,103748.5992,2.06E+12,28424241731
16-05-2025,103547.5405,2.06E+12,29664918499
17-05-2025,103194.6565,2.06E+12,26018145872
18-05-2025,106139.6855,2.05E+12,18984101324
19-05-2025,105614.3165,2.11E+12,31053617880
20-05-2025,106798.5375,2.10E+12,43008079393
21-05-2025,109700.4586,2.12E+12,36410630462
22-05-2025,111579.1806,2.18E+12,61117237838
23-05-2025,107155.6295,2.22E+12,52182260041
24-05-2025,107819.035,2.13E+12,49529190097
25-05-2025,108900.6097,2.14E+12,27104028050
26-05-2025,109393.7426,2.16E+12,29539064701
27-05-2025,109010.0517,2.17E+12,27923902143
28-05-2025,107830.0982,2.17E+12,39161915542
29-05-2025,105719.8746,2.14E+12,29799131240
30-05-2025,104020.8702,2.10E+12,38341233754
31-05-2025,104686.3339,2.07E+12,39615246482
01-06-2025,105698.4379,2.08E+12,20383093991
02-06-2025,105883.8318,2.10E+12,17596002377
03-06-2025,105430.8607,2.10E+12,26369691009
04-06-2025,104803.0065,2.10E+12,25728727075
05-06-2025,101597.8404,2.08E+12,25734349493
06-06-2025,104364.9766,2.02E+12,39656044987
07-06-2025,105665.1236,2.08E+12,29759142102
08-06-2025,105724.2352,2.10E+12,17739278423
09-06-2025,110265.69,2.10E+12,16049595904
10-06-2025,110237.3349,2.19E+12,38052613264
11-06-2025,108686.7836,2.19E+12,36224980255
12-06-2025,105897.5846,2.16E+12,30095374624
13-06-2025,106068.9211,2.11E+12,35951634979
14-06-2025,105459.0357,2.11E+12,49245422625
15-06-2025,105564.1653,2.10E+12,17791376716
16-06-2025,106842.1227,2.10E+12,16560107406
17-06-2025,104582.9573,2.13E+12,32412849823
18-06-2025,104820.2945,2.08E+12,38292991901
19-06-2025,104682.8766,2.08E+12,30401389526
20-06-2025,103291.807,2.08E+12,18030605097
21-06-2025,102092.1295,2.05E+12,33224250300
22-06-2025,100904.1571,2.03E+12,22704561438
23-06-2025,105471.025,2.01E+12,51123828078
24-06-2025,106035.7103,2.10E+12,46441323837
25-06-2025,107405.3246,2.11E+12,31606990993
26-06-2025,106977.318,2.13E+12,32839115324
27-06-2025,107085.4018,2.13E+12,24246531708
28-06-2025,107332.7847,2.13E+12,25181201397
29-06-2025,108387.3331,2.13E+12,8993018872
30-06-2025,107135.6257,2.16E+12,14860723687
01-07-2025,105671.3756,2.13E+12,22368694101
02-07-2025,108876.3308,2.10E+12,25091393876
03-07-2025,109636.9065,2.16E+12,36298051909
04-07-2025,108015.9192,2.18E+12,29309683766
05-07-2025,108216.0162,2.15E+12,24252286191
06-07-2025,109222.282,2.15E+12,10053489983
07-07-2025,108294.1479,2.17E+12,14613019618
08-07-2025,108945.709,2.15E+12,25429516336
09-07-2025,111310.9734,2.17E+12,22869888521
10-07-2025,115945.9731,2.21E+12,37027502144
11-07-2025,117588.8684,2.31E+12,55968677550
12-07-2025,117413.3982,2.34E+12,63595750267
13-07-2025,119145.2576,2.34E+12,24296475940
14-07-2025,119849.1568,2.37E+12,27416387506
15-07-2025,117709.3789,2.38E+12,68787300733
16-07-2025,118709.9778,2.34E+12,80480777542
17-07-2025,119340.5224,2.36E+12,49459777762
18-07-2025,118002.5541,2.37E+12,49320567580
19-07-2025,117904.0343,2.35E+12,58870997941
20-07-2025,117269.1188,2.35E+12,23923610043
21-07-2025,117446.1405,2.33E+12,36794721938
22-07-2025,119958.8622,2.34E+12,49223144229
23-07-2025,118701.7084,2.39E+12,58893970475
24-07-2025,118374.1267,2.36E+12,45323172080
25-07-2025,117518.6847,2.35E+12,51737818239
26-07-2025,117905.9279,2.34E+12,91862506657
27-07-2025,119446.7976,2.35E+12,24873582391
28-07-2025,118009.1681,2.38E+12,30308457320
29-07-2025,117830.596,2.35E+12,43515454619
30-07-2025,117827.8042,2.35E+12,42510545897
31-07-2025,115744.9915,2.34E+12,41209699028
01-08-2025,113275.1416,2.30E+12,45165574221
02-08-2025,112572.128,2.25E+12,65672962230
03-08-2025,114235.1022,2.24E+12,33143815717
04-08-2025,115084.6538,2.27E+12,24605716911
05-08-2025,114097.7645,2.29E+12,32402982901
06-08-2025,115013.3914,2.27E+12,37317944509
07-08-2025,117482.5962,2.29E+12,32048119067
08-08-2025,116686.7247,2.34E+12,38151649536
09-08-2025,116500.7546,2.32E+12,33091407472
10-08-2025,119296.658,2.32E+12,26325306631
11-08-2025,118726.761,2.37E+12,36562884334
12-08-2025,120106.2559,2.36E+12,62158120176
13-08-2025,123419.3344,2.39E+12,47014629997
14-08-2025,118387.7694,2.46E+12,63017574223
15-08-2025,117396.5185,2.36E+12,68707152126
16-08-2025,117397.5436,2.34E+12,44195309908
17-08-2025,117519.3561,2.34E+12,23184873268
18-08-2025,116315.1188,2.34E+12,20919712550
19-08-2025,112896.3253,2.31E+12,47234423701
20-08-2025,114250.4317,2.25E+12,46894541028
21-08-2025,112510.2678,2.27E+12,42282443323
22-08-2025,116897.5418,2.24E+12,32405486736
23-08-2025,115332.8333,2.33E+12,50833111089
24-08-2025,113422.5103,2.30E+12,27252477196
25-08-2025,110100.282,2.26E+12,40701689050
26-08-2025,111712.8687,2.19E+12,53633967435
27-08-2025,111241.2926,2.23E+12,45528015505
28-08-2025,112512.681,2.21E+12,37005486879
29-08-2025,108335.6332,2.24E+12,34139897762
30-08-2025,108836.2359,2.16E+12,51741794008
31-08-2025,108225.661,2.17E+12,27254204090
01-09-2025,109229.0145,2.16E+12,27156450459
02-09-2025,111348.1043,2.18E+12,42975514423
03-09-2025,111751.6476,2.22E+12,51032136566
04-09-2025,110752.0414,2.23E+12,35744889958
05-09-2025,110656.309,2.20E+12,38212967193
06-09-2025,110223.834,2.20E+12,56279867723
07-09-2025,111133.0927,2.19E+12,19347672148
08-09-2025,112079.6039,2.21E+12,21988077810
09-09-2025,111521.5442,2.23E+12,37144268338
10-09-2025,114000.1209,2.22E+12,45541394285
11-09-2025,115553.4878,2.27E+12,52047696608
12-09-2025,116091.807,2.30E+12,44573460855
13-09-2025,115974.8874,2.31E+12,50765513464
14-09-2025,115278.5525,2.31E+12,29926419200
15-09-2025,115356.6849,2.30E+12,27220055789
16-09-2025,116797.0021,2.30E+12,46807932860
17-09-2025,116430.9317,2.33E+12,40115655623
18-09-2025,117169.1179,2.32E+12,55078099558
19-09-2025,115656.9458,2.33E+12,43746882355
20-09-2025,115722.8964,2.30E+12,34101993633
21-09-2025,115255.8482,2.31E+12,18387970281
22-09-2025,112692.497,2.30E+12,18831181466
23-09-2025,112002.4614,2.25E+12,69429706182
24-09-2025,113317.1627,2.23E+12,46102035932
25-09-2025,109233.0504,2.26E+12,46524713093
26-09-2025,109660.3739,2.17E+12,74632502319
27-09-2025,109675.1432,2.19E+12,55614979705
28-09-2025,112179.3988,2.19E+12,23211636962
29-09-2025,114327.1713,2.24E+12,31224411359
30-09-2025,114087.5138,2.28E+12,58127995124
01-10-2025,118930.9551,2.27E+12,57502030257
02-10-2025,120514.5779,2.36E+12,71115681448
03-10-2025,122294.9244,2.40E+12,70708858534
04-10-2025,122428.8906,2.44E+12,82671538752
05-10-2025,123488.7306,2.44E+12,34849439421
06-10-2025,124739.8109,2.46E+12,72019647929
07-10-2025,121463.1181,2.49E+12,69590622749
08-10-2025,123342.9847,2.42E+12,76267785780
09-10-2025,121718.6676,2.46E+12,62477310406
10-10-2025,113043.6759,2.43E+12,70251676816
11-10-2025,110655.2698,2.26E+12,1.45E+11
12-10-2025,115060.8842,2.21E+12,1.07E+11
13-10-2025,115226.5843,2.30E+12,94708784245
14-10-2025,113066.3508,2.30E+12,69763980483
15-10-2025,110844.4042,2.26E+12,90869410254
16-10-2025,108168.1735,2.21E+12,69122428611
17-10-2025,106483.8914,2.15E+12,84082093223
18-10-2025,107210.0961,2.12E+12,93367527992
19-10-2025,108655.5053,2.14E+12,34274045675
20-10-2025,110535.863,2.17E+12,45408363378
21-10-2025,108301.7546,2.20E+12,60485991981
22-10-2025,107591.4605,2.16E+12,1.06E+11
23-10-2025,110109.3052,2.15E+12,83845139285
24-10-2025,111030.1834,2.19E+12,56491079757
25-10-2025,111631.6373,2.21E+12,48872190917
26-10-2025,114419.2217,2.23E+12,23134490005
27-10-2025,114085.3312,2.28E+12,42750060282
28-10-2025,112893.852,2.28E+12,63590066600
29-10-2025,110026.0876,2.25E+12,66364500456
30-10-2025,108409.3799,2.20E+12,63857391864
31-10-2025,109566.6066,2.16E+12,72745717852
01-11-2025,110066.9417,2.18E+12,58440602313
02-11-2025,110499.5224,2.19E+12,25245930840
03-11-2025,106451.7065,2.21E+12,36196258872
04-11-2025,101480.7666,2.13E+12,74958013880
05-11-2025,103878.9336,2.03E+12,1.13E+11
06-11-2025,101261.6455,2.07E+12,77092678814
07-11-2025,103191.7561,2.02E+12,64007649509
08-11-2025,102286.8252,2.06E+12,93538572265
09-11-2025,104610.2285,2.04E+12,50894858648
10-11-2025,105951.496,2.09E+12,60194546960
11-11-2025,103112.2101,2.11E+12,68564010181
12-11-2025,101633.6943,2.06E+12,70852634667
13-11-2025,99480.30709,2.03E+12,63477601852
14-11-2025,94772.61436,1.99E+12,1.02E+11
15-11-2025,95380.13317,1.88E+12,1.15E+11
16-11-2025,94188.27669,1.91E+12,54387419306
17-11-2025,92100.36452,1.88E+12,72739120446
18-11-2025,92903.18009,1.84E+12,95883316484
19-11-2025,91408.35733,1.85E+12,1.04E+11
20-11-2025,86618.47156,1.82E+12,82382857265
21-11-2025,85087.95256,1.73E+12,99655978117
22-11-2025,84675.50765,1.70E+12,1.34E+11
23-11-2025,86740.11774,1.69E+12,42625485731
24-11-2025,88256.04396,1.73E+12,60729919440
25-11-2025,87317.00455,1.76E+12,77456583962
26-11-2025,90515.94358,1.74E+12,67713695256
27-11-2025,91323.62828,1.81E+12,69936036009
28-11-2025,90904.86767,1.82E+12,59468780651
29-11-2025,90832.18685,1.81E+12,62799469481
30-11-2025,90359.86873,1.81E+12,39065687180
01-12-2025,86303.89766,1.80E+12,41014032387
02-12-2025,91320.07943,1.72E+12,91924719324
03-12-2025,93428.59451,1.82E+12,82893667270
04-12-2025,92119.19048,1.87E+12,81350005230
05-12-2025,89264.22915,1.84E+12,67905527469
06-12-2025,89227.45275,1.78E+12,51013012515
07-12-2025,90398.44876,1.78E+12,24891684288
08-12-2025,90626.03734,1.80E+12,34924915303
09-12-2025,92686.10402,1.81E+12,45380679058
10-12-2025,91986.58107,1.85E+12,54394509374
11-12-2025,92525.868,1.84E+12,52450001646
12-12-2025,90260.54242,1.85E+12,52726615852
13-12-2025,90253.11813,1.80E+12,67594286634
14-12-2025,88184.41093,1.80E+12,35192318974
15-12-2025,86413.22138,1.76E+12,34281959962
16-12-2025,87719.6814,1.73E+12,50413200077
17-12-2025,86196.82137,1.75E+12,48224383878
18-12-2025,85450.17965,1.72E+12,49522842150
19-12-2025,88091.69571,1.71E+12,58379753048
20-12-2025,88348.27802,1.76E+12,51459353843
21-12-2025,88672.32968,1.76E+12,16933441829
22-12-2025,88489.72404,1.77E+12,22542141406
23-12-2025,87496.14669,1.77E+12,42394679738
24-12-2025,87589.01665,1.75E+12,48245169578
25-12-2025,87192.23474,1.75E+12,28866214135
26-12-2025,87303.04428,1.74E+12,22750463865
27-12-2025,87852.98655,1.74E+12,46518276271
28-12-2025,87867.03943,1.75E+12,15521583399
29-12-2025,87154.68241,1.75E+12,17379845115
30-12-2025,88363.72224,1.74E+12,53486264297
31-12-2025,87575.04616,1.77E+12,39887379621
01-01-2026,88764.12624,1.75E+12,39392066176
02-01-2026,89978.9192,1.77E+12,20428177254
03-01-2026,90614.40684,1.80E+12,45168875313
04-01-2026,91879.57723,1.81E+12,22325348072
05-01-2026,93879.94797,1.83E+12,26083966420
06-01-2026,93649.63198,1.87E+12,55002520538
07-01-2026,91286.03314,1.87E+12,54207403508
08-01-2026,91027.66617,1.82E+12,43637876515
09-01-2026,90551.71363,1.82E+12,45523345077
10-01-2026,90420.29795,1.81E+12,40577564757
11-01-2026,90856.5591,1.81E+12,13130560424
12-01-2026,91200.62762,1.81E+12,18738794932
13-01-2026,95429.15732,1.82E+12,44068501424
14-01-2026,96898.76071,1.91E+12,62945393254
15-01-2026,95593.30784,1.94E+12,61382472737
16-01-2026,95523.1862,1.91E+12,55642771728
17-01-2026,94802.8817,1.91E+12,34566775916
18-01-2026,93344.21948,1.89E+12,339120955.9
19-01-2026,92566.01278,1.86E+12,21298841865
20-01-2026,88416.88686,1.85E+12,39097643741
21-01-2026,89453.90474,1.77E+12,56511733044
22-01-2026,89483.65163,1.79E+12,57881569376
23-01-2026,89524.84864,1.79E+12,36359870190
24-01-2026,89149.95971,1.79E+12,39792198051
25-01-2026,86625.33128,1.78E+12,15238062167
26-01-2026,88249.90142,1.73E+12,36938952712
27-01-2026,89141.65036,1.76E+12,46474269067
28-01-2026,89212.20824,1.78E+12,36377691323
29-01-2026,84630.42067,1.78E+12,42462716314
30-01-2026,84091.63018,1.69E+12,65376348930
31-01-2026,78647.0274,1.68E+12,75170512251
01-02-2026,76895.58666,1.57E+12,71926455760
02-02-2026,78670.58923,1.54E+12,48233643713
03-02-2026,75628.04173,1.57E+12,73991985458
04-02-2026,73059.17987,1.51E+12,72233317228
05-02-2026,62778.21757,1.46E+12,68374355882
06-02-2026,70272.52223,1.25E+12,1.29E+11
07-02-2026,69245.78201,1.40E+12,1.26E+11
08-02-2026,70398.08503,1.38E+12,64250664588
09-02-2026,70175.14749,1.41E+12,40089087532
10-02-2026,68841.87238,1.40E+12,53925112157
11-02-2026,67090.57934,1.38E+12,41873860130
12-02-2026,66258.52955,1.34E+12,52281220867
13-02-2026,68837.58112,1.32E+12,45369992006
14-02-2026,69799.55096,1.38E+12,40892558813
15-02-2026,68778.84298,1.40E+12,36727480881
16-02-2026,68859.77619,1.37E+12,40162771612
17-02-2026,67559.29573,1.38E+12,34628731309
18-02-2026,66426.61953,1.35E+12,35232805958
19-02-2026,66976.02936,1.33E+12,33982301570
20-02-2026,68002.94011,1.34E+12,32382298212
21-02-2026,68026.03124,1.36E+12,50312214816
22-02-2026,65192.1887,1.36E+12,19319150166
23-02-2026,64737.90197,1.30E+12,21560319890
24-02-2026,64073.54895,1.29E+12,48924949103
25-02-2026,67850.10521,1.28E+12,41350119554
26-02-2026,67496.84164,1.36E+12,47180923359
27-02-2026,65891.22198,1.35E+12,39031524535
28-02-2026,67017.07605,1.32E+12,37742232581
01-03-2026,65824.42167,1.34E+12,41709946432
02-03-2026,68815.93634,1.32E+12,38811585997
03-03-2026,68287.46303,1.38E+12,54357544833
04-03-2026,72752.30157,1.37E+12,46018172072
05-03-2026,70868.2182,1.45E+12,73011893269
06-03-2026,68142.88312,1.42E+12,47524397870
07-03-2026,67339.6744,1.36E+12,39123856299
08-03-2026,66042.75108,1.35E+12,21800679518
09-03-2026,68430.60926,1.32E+12,30233312686
10-03-2026,69849.20353,1.37E+12,43658034305
11-03-2026,70028.95988,1.40E+12,45913537651
12-03-2026,70417.19389,1.40E+12,384518713.1
13-03-2026,70838.9323,1.41E+12,35693537178
14-03-2026,71149.28239,1.42E+12,53200875875
15-03-2026,72934.29407,1.42E+12,20019694460
16-03-2026,74679.37091,1.46E+12,24398877933
17-03-2026,74004.69081,1.49E+12,46895173927
18-03-2026,71220.0473,1.48E+12,41402228682
19-03-2026,69936.19932,1.42E+12,39350060118
20-03-2026,70526.28916,1.40E+12,38065438933
21-03-2026,68424.07688,1.41E+12,32603143141
22-03-2026,67933.42948,1.37E+12,19470795501
23-03-2026,70987.25185,1.36E+12,25352216481
24-03-2026,70528.86346,1.42E+12,46905271506
25-03-2026,71303.58545,1.41E+12,32603022085
26-03-2026,68727.21229,1.43E+12,31347153732
27-03-2026,66329.88186,1.37E+12,45867404479
28-03-2026,66388.84446,1.33E+12,43169558849
29-03-2026,65947.03193,1.33E+12,21059002641
30-03-2026,66691.27148,1.32E+12,22702400223
31-03-2026,68107.47456,1.33E+12,34064201546
01-04-2026,67959.87525,1.36E+12,51983877859
02-04-2026,66887.51064,1.36E+12,48409464466
03-04-2026,66822.5523,1.34E+12,48489330158
04-04-2026,67077.15005,1.34E+12,27881704293
05-04-2026,69002.03848,1.35E+12,18349404856
06-04-2026,68672.24657,1.38E+12,23859752470
07-04-2026,71661.76372,1.38E+12,46866527625
08-04-2026,70644.79416,1.44E+12,59114621689
09-04-2026,71367.80292,1.42E+12,42187302136
10-04-2026,72920.25491,1.43E+12,41307213904
11-04-2026,73021.85968,1.46E+12,32133663127
12-04-2026,70660.63961,1.46E+12,20344402242
13-04-2026,74481.64143,1.41E+12,25034828601
14-04-2026,74297.34759,1.49E+12,46453393067
15-04-2026,74826.31309,1.49E+12,48364585959
16-04-2026,75111.95675,1.50E+12,30548536737
17-04-2026,77125.73357,1.50E+12,37873936871
18-04-2026,75716.15084,1.54E+12,56342990648
19-04-2026,73841.02174,1.52E+12,62821159707
20-04-2026,75858.03547,1.48E+12,57237273536
21-04-2026,76326.1917,1.52E+12,38028896901
22-04-2026,78238.81675,1.53E+12,36823423505
23-04-2026,78275.32583,1.57E+12,43578270461
24-04-2026,77447.61758,1.57E+12,35972701648
25-04-2026,77634.51592,1.55E+12,30716822790
26-04-2026,78637.74356,1.55E+12,16174475761
27-04-2026,77366.78442,1.57E+12,20900479736
28-04-2026,76331.86443,1.55E+12,36623099927
29-04-2026,75784.95744,1.53E+12,31323204487
30-04-2026,76296.79648,1.52E+12,40874217836
01-05-2026,78207.76425,1.53E+12,30542237537
02-05-2026,78677.42463,1.57E+12,38346005218
03-05-2026,78512.09246,1.58E+12,17470305786
04-05-2026,79825.87511,1.57E+12,21039106932
05-05-2026,80913.96137,1.60E+12,52799152390
06-05-2026,81436.85937,1.62E+12,39631525763
07-05-2026,80024.90767,1.63E+12,40136984275
08-05-2026,80197.267,1.60E+12,36710760520
09-05-2026,80677.64982,1.61E+12,33093795789
10-05-2026,82018.37112,1.62E+12,17383014967
11-05-2026,81627.56605,1.65E+12,19419025190
12-05-2026,80482.14378,1.64E+12,28389853562
13-05-2026,79288.84209,1.61E+12,30589600640
14-05-2026,81059.11595,1.59E+12,32707131747
15-05-2026,79068.6684,1.62E+12,42298040590
16-05-2026,78132.75351,1.58E+12,36216900889
17-05-2026,77428.51866,1.57E+12,23762381350
18-05-2026,76959.40572,1.55E+12,20316786826
19-05-2026,76758.73156,1.54E+12,42702548816
20-05-2026,77470.39615,1.54E+12,27147623318
21-05-2026,77550.38308,1.55E+12,26876818824
22-05-2026,75478.38286,1.55E+12,26822828450
23-05-2026,76684.37097,1.51E+12,28286947097
24-05-2026,77016.06582,1.54E+12,30932098861
25-05-2026,77258.39912,1.54E+12,21763916480
26-05-2026,75851.1041,1.55E+12,19879317349
27-05-2026,74339.61695,1.52E+12,21937550660
28-05-2026,73651.64255,1.49E+12,34389389567
29-05-2026,73500.91508,1.48E+12,33586238604
30-05-2026,73820.30385,1.47E+12,38828038485
31-05-2026,73598.66812,1.48E+12,18374444051
01-06-2026,71320.29306,1.47E+12,16617912638
02-06-2026,66727.26415,1.43E+12,48870728373
03-06-2026,64046.61065,1.34E+12,61786877126
04-06-2026,63810.65924,1.28E+12,43649392702
05-06-2026,60960.1014,1.28E+12,60995145201
06-06-2026,60855.25427,1.22E+12,45506430145
07-06-2026,63273.53743,1.22E+12,31010313650
08-06-2026,63069.14779,1.27E+12,33326211425
09-06-2026,61669.76384,1.26E+12,32495793038
10-06-2026,61480.14443,1.24E+12,35017939158
11-06-2026,63555.66181,1.23E+12,26327022780
12-06-2026,63532.27782,1.27E+12,28342001884
13-06-2026,64408.80975,1.27E+12,26198317555
14-06-2026,65709.31095,1.29E+12,16875136750
15-06-2026,66292.50118,1.32E+12,21124197393
16-06-2026,65619.2808,1.33E+12,30758717645
17-06-2026,64444.54533,1.32E+12,25251031908
18-06-2026,62897.23856,1.29E+12,31384852552
19-06-2026,63489.81095,1.26E+12,30204028641
20-06-2026,64253.3987,1.27E+12,23645282131
21-06-2026,63255.48525,1.29E+12,18855396682
22-06-2026,63937.28526,1.27E+12,16915246358
23-06-2026,62662.29202,1.28E+12,27569840545
24-06-2026,60989.57352,1.26E+12,30689271786
25-06-2026,59726.73653,1.22E+12,43171393361
26-06-2026,60022.32567,1.20E+12,41007492811
27-06-2026,59953.44334,1.20E+12,39614814582
28-06-2026,59494.60639,1.20E+12,16056335656
29-06-2026,60152.35872,1.19E+12,17361816170
30-06-2026,58566.09199,1.21E+12,32075473636
01-07-2026,59967.68504,1.17E+12,32381442095
02-07-2026,61490.21448,1.20E+12,39101214529
03-07-2026,62553.61289,1.23E+12,40481809941
04-07-2026,63088.40675,1.25E+12,26816869527
05-07-2026,63586.10214,1.27E+12,19151546833
06-07-2026,64001.23542,1.28E+12,18666512399
07-07-2026,63335.30929,1.28E+12,36365921503
08-07-2026,62247.13048,1.27E+12,31452448064
09-07-2026,63192.87897,1.25E+12,27882580909
10-07-2026,64110.97482,1.27E+12,26707343178
11-07-2026,63791.35305,1.29E+12,27782860992
12-07-2026,63746.65596,1.28E+12,14235365170
13-07-2026,62278.96302,1.28E+12,19015013214
14-07-2026,64983.51907,1.25E+12,31361911543
15-07-2026,64717.16889,1.30E+12,32016409409
16-07-2026,63792.28743,1.30E+12,28397592354
17-07-2026,63904.95401,1.28E+12,27825917044
18-07-2026,64795.70382,1.28E+12,28871351366
19-07-2026,64670.40117,1.30E+12,15451966881
20-07-2026,65184.92144,1.30E+12,16372745608
21-07-2026,66520.98165,1.31E+12,32520098296
22-07-2026,66077.05647,1.33E+12,30875118859
23-07-2026,65052.47667,1.33E+12,28939202566
24-07-2026,64092.6474,1.30E+12,25573855467
25-07-2026,64318.2452,1.29E+12,26949656279
26-07-2026,65343.82451,1.29E+12,14475620140
27-07-2026,63701.35288,1.31E+12,14859985104
28-07-2026,63881.94328,1.28E+12,25830118462
29-07-2026,63916.59795,1.28E+12,24427415031
30-07-2026,64743.33715,1.28E+12,28201903974
31-07-2026,62820.08614,1.30E+12,26380169354
01-08-2026,62772.57726,1.26E+12,29578746589
02-08-2026,63504.4156,1.26E+12,13867068847
03-08-2026,63465.19969,1.27E+12,15928756966
04-08-2026,64062.17373,1.27E+12,25488990097
05-08-2026,64608.70539,1.29E+12,22979346233
06-08-2026,64262.74831,1.30E+12,23456084572
07-08-2026,64879.75609,1.29E+12,18543020925
08-08-2026,64917.23929,1.30E+12,21708815799
09-08-2026,64856.09783,1.30E+12,12399729091
10-08-2026,63915.71214,1.30E+12,12957668413
11-08-2026,63537.55989,1.28E+12,20628873466
12-08-2026,63408.6257,1.28E+12,20095612609
13-08-2026,63429.17906,1.27E+12,22071166502
14-08-2026,62984.2896,1.27E+12,18868048226
15-08-2026,63031.04826,1.26E+12,20141227881
16-08-2026,62843.70368,1.27E+12,10409218158
17-08-2026,64491.34528,1.26E+12,9661851537
18-08-2026,64686.25783,1.29E+12,21603650492
19-08-2026,69291.01043,1.30E+12,18173594958
20-08-2026,73020.94563,1.39E+12,43990704909
21-08-2026,78317.77716,1.47E+12,54562051680
22-08-2026,77081.02299,1.57E+12,71451157995
23-08-2026,77712.32009,1.55E+12,36689774597
24-08-2026,78973.88694,1.56E+12,29643785729
25-08-2026,78511.23311,1.59E+12,51335516519
26-08-2026,79018.03406,1.58E+12,42844457203
27-08-2026,80268.37475,1.59E+12,28508064829
28-08-2026,77820.76429,1.61E+12,33271382526
29-08-2026,78225.13951,1.56E+12,36320805552
30-08-2026,77658.23133,1.57E+12,15083877887
31-08-2026,78552.77933,1.56E+12,18928816149
01-09-2026,77416.44111,1.58E+12,29723745445
02-09-2026,77297.13347,1.55E+12,30118812390
03-09-2026,81264.70153,1.55E+12,26617233991
04-09-2026,79671.25767,1.63E+12,39842820912
05-09-2026,79821.69873,1.60E+12,35605666977
06-09-2026,80329.34785,1.60E+12,18822345309
07-09-2026,79093.46419,1.61E+12,19671698954
08-09-2026,78450.75304,1.59E+12,23156361224
09-09-2026,78283.06047,1.58E+12,36832978946
10-09-2026,76554.98665,1.57E+12,34938279859
11-09-2026,77203.53445,1.54E+12,30257901048
12-09-2026,77261.62722,1.55E+12,35407367571
13-09-2026,76819.04497,1.55E+12,15195615507
14-09-2026,78173.35158,1.54E+12,16138951581
15-09-2026,75590.24472,1.57E+12,32369566521
16-09-2026,76146.81237,1.52E+12,39803154169
17-09-2026,76371.36172,1.53E+12,30782581512
18-09-2026,80873.58288,1.53E+12,23628097103
19-09-2026,81236.41384,1.62E+12,44737458821
20-09-2026,81169.03512,1.63E+12,24055616823
21-09-2026,86596.74004,1.63E+12,23789617808
22-09-2026,86183.29443,1.74E+12,61251744760
23-09-2026,84382.3999,1.73E+12,43496653160
24-09-2026,84377.96508,1.70E+12,43737548353
25-09-2026,84377.96508,1.70E+12,38044738930
